Workbook

Sheet GEN0
A1: 113015 | B1: 'GENSAL' | C1: 1 | D1: 5 | E1: 0.05 | F1: 0.2 | G1: 5 | H1: 0 | I1: 1 | J1: 0.75 | K1: 0.4 | L1: 0.22 | M1: 0.1 | N1: 0.11 | O1: 0.62 | P1: / | Q1: /
A2: 113017 | B2: 'GENSAL' | C2: 1 | D2: 5 | E2: 0.05 | F2: 0.2 | G2: 5 | H2: 0 | I2: 1 | J2: 0.75 | K2: 0.4 | L2: 0.22 | M2: 0.1 | N2: 0.11 | O2: 0.62 | P2: / | Q2: /
A3: 126047 | B3: 'GENSAL' | C3: 1 | D3: 5 | E3: 0.05 | F3: 0.2 | G3: 5 | H3: 0 | I3: 1 | J3: 0.75 | K3: 0.4 | L3: 0.22 | M3: 0.1 | N3: 0.11 | O3: 0.62 | P3: / | Q3: /
A4: 213019 | B4: 'GENSAL' | C4: 1 | D4: 5 | E4: 0.05 | F4: 0.2 | G4: 5 | H4: 0 | I4: 1 | J4: 0.75 | K4: 0.4 | L4: 0.22 | M4: 0.1 | N4: 0.11 | O4: 0.62 | P4: / | Q4: /
A5: 213021 | B5: 'GENSAL' | C5: 1 | D5: 6.6 | E5: 0.05 | F5: 0.155 | G5: 2 | H5: 0 | I5: 1.13 | J5: 0.734 | K5: 0.26 | L5: 0.3 | M5: 0.104 | N5: 0.194 | O5: 0.685 | P5: / | Q5: /
A6: 213031 | B6: 'GENSAL' | C6: 1 | D6: 6.6 | E6: 0.05 | F6: 0.155 | G6: 2 | H6: 0 | I6: 1.13 | J6: 0.734 | K6: 0.26 | L6: 0.23 | M6: 0.104 | N6: 0.194 | O6: 0.685 | P6: / | Q6: /
A7: 213041 | B7: 'GENSAL' | C7: 1 | D7: 6.6 | E7: 0.05 | F7: 0.155 | G7: 2 | H7: 0 | I7: 1.13 | J7: 0.734 | K7: 0.26 | L7: 0.23 | M7: 0.104 | N7: 0.194 | O7: 0.685 | P7: / | Q7: /
A8: 213051 | B8: 'GENSAL' | C8: 1 | D8: 9.3 | E8: 0.096 | F8: 0.075 | G8: 3.42 | H8: 0 | I8: 1.15 | J8: 0.748 | K8: 0.32 | L8: 0.32 | M8: 0.13 | N8: 0.245 | O8: 0.77 | P8: / | Q8: /
A9: 216011 | B9: 'GENSAL' | C9: 1 | D9: 5 | E9: 0.05 | F9: 0.2 | G9: 5 | H9: 0 | I9: 1 | J9: 0.75 | K9: 0.4 | L9: 0.23 | M9: 0.1 | N9: 0.11 | O9: 0.62 | P9: / | Q9: /
A10: 821012 | B10: 'GENROU' | C10: 1 | D10: 6.5 | E10: 0.06 | F10: 0.2 | G10: 0.05 | H10: 4 | I10: 0 | J10: 1.8 | K10: 1.75 | L10: 0.6 | M10: 0.8 | N10: 0.3 | O10: 0.15 | P10: 0.09 | Q10: 0.38 | R10: / | S10: /
A11: 910011 | B11: 'GENSAL' | C11: 1 | D11: 7.2 | E11: 0.123 | F11: 0.075 | G11: 4.677 | H11: 0 | I11: 0.87 | J11: 0.58 | K11: 0.27 | L11: 0.2 | M11: 0.116 | N11: 0.178 | O11: 0.592 | P11: / | Q11: /
A12: 912011 | B12: 'GENROU' | C12: 1 | D12: 4.76 | E12: 0.04 | F12: 0.426 | G12: 0.067 | H12: 3.4 | I12: 0 | J12: 1.825 | K12: 1.751 | L12: 0.275 | M12: 0.417 | N12: 0.135 | O12: 0.169 | P12: 0.09 | Q12: 0.4 | R12: / | S12: /
A13: 912012 | B13: 'GENROU' | C13: 1 | D13: 4.76 | E13: 0.04 | F13: 0.426 | G13: 0.067 | H13: 3.4 | I13: 0 | J13: 1.825 | K13: 1.751 | L13: 0.275 | M13: 0.417 | N13: 0.135 | O13: 0.169 | P13: 0.09 | Q13: 0.4 | R13: / | S13: /
A14: 913011 | B14: 'GENSAL' | C14: 1 | D14: 7.83 | E14: 0.057 | F14: 0.07 | G14: 4 | H14: 0.5 | I14: 1.083 | J14: 0.83 | K14: 0.375 | L14: 0.206 | M14: 0.107 | N14: 0.13 | O14: 0.436 | P14: / | Q14: /
A15: 913031 | B15: 'GENSAL' | C15: 1 | D15: 6.6 | E15: 0.05 | F15: 0.155 | G15: 2 | H15: 0 | I15: 1.13 | J15: 0.734 | K15: 0.26 | L15: 0.23 | M15: 0.104 | N15: 0.194 | O15: 0.685 | P15: / | Q15: /
A16: 913041 | B16: 'GENSAL' | C16: 1 | D16: 6.6 | E16: 0.05 | F16: 0.155 | G16: 2 | H16: 0 | I16: 1.13 | J16: 0.734 | K16: 0.26 | L16: 0.23 | M16: 0.104 | N16: 0.194 | O16: 0.685 | P16: / | Q16: /
A17: 913051 | B17: 'GENSAL' | C17: 1 | D17: 6.6 | E17: 0.05 | F17: 0.155 | G17: 2 | H17: 0 | I17: 1.13 | J17: 0.734 | K17: 0.26 | L17: 0.18 | M17: 0.104 | N17: 0.194 | O17: 0.685 | P17: / | Q17: /
A18: 913061 | B18: 'GENSAL' | C18: 1 | D18: 6.6 | E18: 0.05 | F18: 0.155 | G18: 2 | H18: 0 | I18: 1.13 | J18: 0.734 | K18: 0.26 | L18: 0.18 | M18: 0.104 | N18: 0.194 | O18: 0.685 | P18: / | Q18: /
A19: 914011 | B19: 'GENSAL' | C19: 1 | D19: 6.6 | E19: 0.05 | F19: 0.155 | G19: 2 | H19: 0 | I19: 1.13 | J19: 0.734 | K19: 0.26 | L19: 0.16 | M19: 0.104 | N19: 0.194 | O19: 0.685 | P19: / | Q19: /
A20: 914012 | B20: 'GENSAL' | C20: 1 | D20: 6.6 | E20: 0.05 | F20: 0.155 | G20: 2 | H20: 0 | I20: 1.13 | J20: 0.734 | K20: 0.26 | L20: 0.16 | M20: 0.104 | N20: 0.194 | O20: 0.685 | P20: / | Q20: /
A21: 914013 | B21: 'GENSAL' | C21: 1 | D21: 6.6 | E21: 0.05 | F21: 0.155 | G21: 2 | H21: 0 | I21: 1.13 | J21: 0.734 | K21: 0.26 | L21: 0.16 | M21: 0.104 | N21: 0.194 | O21: 0.685 | P21: / | Q21: /
A22: 915001 | B22: 'GENSAL' | C22: 1 | D22: 7.2 | E22: 0.123 | F22: 0.075 | G22: 4.677 | H22: 0 | I22: 0.87 | J22: 0.58 | K22: 0.27 | L22: 0.165 | M22: 0.116 | N22: 0.178 | O22: 0.592 | P22: / | Q22: /
A23: 915002 | B23: 'GENSAL' | C23: 1 | D23: 7.2 | E23: 0.123 | F23: 0.075 | G23: 4.677 | H23: 0 | I23: 0.87 | J23: 0.58 | K23: 0.27 | L23: 0.165 | M23: 0.116 | N23: 0.178 | O23: 0.592 | P23: / | Q23: /
A24: 915007 | B24: 'GENSAL' | C24: 1 | D24: 7.2 | E24: 0.123 | F24: 0.075 | G24: 4.677 | H24: 0 | I24: 0.87 | J24: 0.58 | K24: 0.27 | L24: 0.165 | M24: 0.116 | N24: 0.178 | O24: 0.592 | P24: / | Q24: /
A25: 915109 | B25: 'GENSAL' | C25: 1 | D25: 6.6 | E25: 0.05 | F25: 0.155 | G25: 2 | H25: 0 | I25: 1.13 | J25: 0.734 | K25: 0.26 | L25: 0.16 | M25: 0.104 | N25: 0.194 | O25: 0.685 | P25: / | Q25: /
... A80: 920022 | B80: 'GENSAL' | C80: 1 | D80: 7.83 | E80: 0.057 | F80: 0.07 | G80: 4 | H80: 0.5 | I80: 1.083 | J80: 0.83 | K80: 0.375 | L80: 0.24 | M80: 0.107 | N80: 0.13 | O80: 0.436 | P80: / | Q80: /
A81: 922011 | B81: 'GENROU' | C81: 1 | D81: 6.9 | E81: 0.199 | F81: 0.45 | G81: 0.07 | H81: 3.8 | I81: 0 | J81: 2.3 | K81: 2.21 | L81: 0.29 | M81: 0.46 | N81: 0.17 | O81: 0.167 | P81: 0.08 | Q81: 0.56 | R81: / | S81: /
A82: 922012 | B82: 'GENROU' | C82: 1 | D82: 6.9 | E82: 0.199 | F82: 0.45 | G82: 0.07 | H82: 3.8 | I82: 0 | J82: 2.3 | K82: 2.21 | L82: 0.29 | M82: 0.46 | N82: 0.17 | O82: 0.167 | P82: 0.08 | Q82: 0.56 | R82: / | S82: /
A83: 923011 | B83: 'GENSAL' | C83: 1 | D83: 7.83 | E83: 0.057 | F83: 0.07 | G83: 4 | H83: 0.5 | I83: 1.083 | J83: 0.83 | K83: 0.375 | L83: 0.262 | M83: 0.107 | N83: 0.13 | O83: 0.436 | P83: / | Q83: /
A84: 923012 | B84: 'GENSAL' | C84: 1 | D84: 7.83 | E84: 0.057 | F84: 0.07 | G84: 4 | H84: 0.5 | I84: 1.083 | J84: 0.83 | K84: 0.375 | L84: 0.262 | M84: 0.107 | N84: 0.13 | O84: 0.436 | P84: / | Q84: /
A85: 923013 | B85: 'GENSAL' | C85: 1 | D85: 7.83 | E85: 0.057 | F85: 0.07 | G85: 4 | H85: 0.5 | I85: 1.083 | J85: 0.83 | K85: 0.375 | L85: 0.262 | M85: 0.107 | N85: 0.13 | O85: 0.436 | P85: / | Q85: /
A86: 923014 | B86: 'GENSAL' | C86: 1 | D86: 7.83 | E86: 0.057 | F86: 0.07 | G86: 4 | H86: 0.5 | I86: 1.083 | J86: 0.83 | K86: 0.375 | L86: 0.262 | M86: 0.107 | N86: 0.13 | O86: 0.436 | P86: / | Q86: /
A87: 923015 | B87: 'GENSAL' | C87: 1 | D87: 7.83 | E87: 0.057 | F87: 0.07 | G87: 4 | H87: 0.5 | I87: 1.083 | J87: 0.83 | K87: 0.375 | L87: 0.262 | M87: 0.107 | N87: 0.13 | O87: 0.436 | P87: / | Q87: /
A88: 923016 | B88: 'GENSAL' | C88: 1 | D88: 7.83 | E88: 0.057 | F88: 0.07 | G88: 4 | H88: 0.5 | I88: 1.083 | J88: 0.83 | K88: 0.375 | L88: 0.262 | M88: 0.107 | N88: 0.13 | O88: 0.436 | P88: / | Q88: /
A89: 923017 | B89: 'GENSAL' | C89: 1 | D89: 7.83 | E89: 0.057 | F89: 0.07 | G89: 4 | H89: 0.5 | I89: 1.083 | J89: 0.83 | K89: 0.375 | L89: 0.262 | M89: 0.107 | N89: 0.13 | O89: 0.436 | P89: / | Q89: /
A90: 923018 | B90: 'GENSAL' | C90: 1 | D90: 7.83 | E90: 0.057 | F90: 0.07 | G90: 4 | H90: 0.5 | I90: 1.083 | J90: 0.83 | K90: 0.375 | L90: 0.262 | M90: 0.107 | N90: 0.13 | O90: 0.436 | P90: / | Q90: /
A91: 924001 | B91: 'GENROU' | C91: 1 | D91: 6.9 | E91: 0.199 | F91: 0.45 | G91: 0.07 | H91: 3.8 | I91: 0 | J91: 2.3 | K91: 2.21 | L91: 0.29 | M91: 0.46 | N91: 0.22 | O91: 0.167 | P91: 0.08 | Q91: 0.56 | R91: / | S91: /
A92: 924002 | B92: 'GENROU' | C92: 1 | D92: 6.9 | E92: 0.199 | F92: 0.45 | G92: 0.07 | H92: 3.8 | I92: 0 | J92: 2.3 | K92: 2.21 | L92: 0.29 | M92: 0.46 | N92: 0.22 | O92: 0.167 | P92: 0.08 | Q92: 0.56 | R92: / | S92: /
A93: 924002 | B93: 'GENROU' | C93: 2 | D93: 6.9 | E93: 0.199 | F93: 0.45 | G93: 0.07 | H93: 3.8 | I93: 0 | J93: 2.3 | K93: 2.21 | L93: 0.29 | M93: 0.46 | N93: 0.22 | O93: 0.167 | P93: 0.08 | Q93: 0.56 | R93: / | S93: /
A94: 926011 | B94: 'GENROU' | C94: 1 | D94: 4.76 | E94: 0.04 | F94: 0.426 | G94: 0.067 | H94: 3.4 | I94: 0 | J94: 1.825 | K94: 1.751 | L94: 0.275 | M94: 0.417 | N94: 0.206 | O94: 0.169 | P94: 0.09 | Q94: 0.4 | R94: / | S94: /
A95: 926012 | B95: 'GENROU' | C95: 1 | D95: 4.76 | E95: 0.04 | F95: 0.426 | G95: 0.067 | H95: 3.4 | I95: 0 | J95: 1.825 | K95: 1.751 | L95: 0.275 | M95: 0.417 | N95: 0.206 | O95: 0.169 | P95: 0.09 | Q95: 0.4 | R95: / | S95: /
A96: 926013 | B96: 'GENROU' | C96: 1 | D96: 4.76 | E96: 0.04 | F96: 0.426 | G96: 0.067 | H96: 3.4 | I96: 0 | J96: 1.825 | K96: 1.751 | L96: 0.275 | M96: 0.417 | N96: 0.206 | O96: 0.169 | P96: 0.09 | Q96: 0.4 | R96: / | S96: /
A97: 926014 | B97: 'GENROU' | C97: 1 | D97: 4.76 | E97: 0.04 | F97: 0.426 | G97: 0.067 | H97: 3.4 | I97: 0 | J97: 1.825 | K97: 1.751 | L97: 0.275 | M97: 0.417 | N97: 0.19 | O97: 0.169 | P97: 0.09 | Q97: 0.4 | R97: / | S97: /
A98: 926015 | B98: 'GENROU' | C98: 1 | D98: 4.76 | E98: 0.04 | F98: 0.426 | G98: 0.067 | H98: 3.4 | I98: 0 | J98: 1.825 | K98: 1.751 | L98: 0.275 | M98: 0.417 | N98: 0.19 | O98: 0.169 | P98: 0.09 | Q98: 0.4 | R98: / | S98: /
A99: 926016 | B99: 'GENROU' | C99: 1 | D99: 4.76 | E99: 0.04 | F99: 0.426 | G99: 0.067 | H99: 3.4 | I99: 0 | J99: 1.825 | K99: 1.751 | L99: 0.275 | M99: 0.417 | N99: 0.19 | O99: 0.169 | P99: 0.09 | Q99: 0.4 | R99: / | S99: /
A100: 926021 | B100: 'GENROU' | C100: 1 | D100: 4.76 | E100: 0.04 | F100: 0.426 | G100: 0.067 | H100: 3.4 | I100: 0 | J100: 1.825 | K100: 1.751 | L100: 0.275 | M100: 0.417 | N100: 0.249 | O100: 0.169 | P100: 0.09 | Q100: 0.4 | R100: / | S100: /
A101: 926031 | B101: 'GENROU' | C101: 1 | D101: 4.76 | E101: 0.04 | F101: 0.426 | G101: 0.067 | H101: 3.4 | I101: 0 | J101: 1.825 | K101: 1.751 | L101: 0.275 | M101: 0.417 | N101: 0.28 | O101: 0.169 | P101: 0.09 | Q101: 0.4 | R101: / | S101: /
A102: 926032 | B102: 'GENROU' | C102: 1 | D102: 4.76 | E102: 0.04 | F102: 0.426 | G102: 0.067 | H102: 3.4 | I102: 0 | J102: 1.825 | K102: 1.751 | L102: 0.275 | M102: 0.417 | N102: 0.28 | O102: 0.169 | P102: 0.09 | Q102: 0.4 | R102: / | S102: /
... A152: 933021 | B152: 'GENROU' | C152: 1 | D152: 4.76 | E152: 0.04 | F152: 0.426 | G152: 0.067 | H152: 3.4 | I152: 0 | J152: 1.825 | K152: 1.751 | L152: 0.275 | M152: 0.417 | N152: 0.26 | O152: 0.169 | P152: 0.09 | Q152: 0.4 | R152: / | S152: /
A153: 936011 | B153: 'GENSAL' | C153: 1 | D153: 6.6 | E153: 0.05 | F153: 0.155 | G153: 2 | H153: 0 | I153: 1.13 | J153: 0.734 | K153: 0.26 | L153: 0.33 | M153: 0.104 | N153: 0.194 | O153: 0.685 | P153: / | Q153: /
A154: 936012 | B154: 'GENSAL' | C154: 1 | D154: 6.6 | E154: 0.05 | F154: 0.155 | G154: 2 | H154: 0 | I154: 1.13 | J154: 0.734 | K154: 0.26 | L154: 0.33 | M154: 0.104 | N154: 0.194 | O154: 0.685 | P154: / | Q154: /
A155: 936021 | B155: 'GENROU' | C155: 1 | D155: 4.76 | E155: 0.04 | F155: 0.426 | G155: 0.067 | H155: 3.4 | I155: 0 | J155: 1.825 | K155: 1.751 | L155: 0.275 | M155: 0.417 | N155: 0.26 | O155: 0.169 | P155: 0.09 | Q155: 0.4 | R155: / | S155: /
A156: 936022 | B156: 'GENROU' | C156: 1 | D156: 4.76 | E156: 0.04 | F156: 0.426 | G156: 0.067 | H156: 3.4 | I156: 0 | J156: 1.825 | K156: 1.751 | L156: 0.275 | M156: 0.417 | N156: 0.26 | O156: 0.169 | P156: 0.09 | Q156: 0.4 | R156: / | S156: /
A157: 936031 | B157: 'GENROU' | C157: 1 | D157: 4 | E157: 0.04 | F157: 0.5 | G157: 0.07 | H157: 2.8 | I157: 0 | J157: 1.8 | K157: 1.75 | L157: 0.3 | M157: 0.65 | N157: 0.256 | O157: 0.15 | P157: 0.057 | Q157: 0.33 | R157: / | S157: /
A158: 936032 | B158: 'GENROU' | C158: 1 | D158: 4 | E158: 0.04 | F158: 0.5 | G158: 0.07 | H158: 2.8 | I158: 0 | J158: 1.8 | K158: 1.75 | L158: 0.3 | M158: 0.65 | N158: 0.256 | O158: 0.15 | P158: 0.057 | Q158: 0.33 | R158: / | S158: /
A159: 936041 | B159: 'GENSAL' | C159: 1 | D159: 9.99 | E159: 0.1 | F159: 0.12 | G159: 3.63 | H159: 0.5 | I159: 1.07 | J159: 0.74 | K159: 0.24 | L159: 0.36 | M159: 0.15 | N159: 0.1 | O159: 0.25 | P159: / | Q159: /
A160: 936042 | B160: 'GENSAL' | C160: 1 | D160: 9.99 | E160: 0.1 | F160: 0.12 | G160: 3.63 | H160: 0.5 | I160: 1.07 | J160: 0.74 | K160: 0.24 | L160: 0.36 | M160: 0.15 | N160: 0.1 | O160: 0.25 | P160: / | Q160: /
A161: 936051 | B161: 'GENSAL' | C161: 1 | D161: 6.6 | E161: 0.05 | F161: 0.155 | G161: 2 | H161: 0 | I161: 1.13 | J161: 0.734 | K161: 0.26 | L161: 0.3 | M161: 0.104 | N161: 0.194 | O161: 0.685 | P161: / | Q161: /
A162: 936061 | B162: 'GENROU' | C162: 1 | D162: 4 | E162: 0.04 | F162: 0.5 | G162: 0.07 | H162: 2.8 | I162: 0 | J162: 1.8 | K162: 1.75 | L162: 0.3 | M162: 0.65 | N162: 0.206 | O162: 0.15 | P162: 0.057 | Q162: 0.33 | R162: / | S162: /
A163: 936062 | B163: 'GENROU' | C163: 1 | D163: 4 | E163: 0.04 | F163: 0.5 | G163: 0.07 | H163: 2.8 | I163: 0 | J163: 1.8 | K163: 1.75 | L163: 0.3 | M163: 0.65 | N163: 0.206 | O163: 0.15 | P163: 0.057 | Q163: 0.33 | R163: / | S163: /
A164: 936063 | B164: 'GENROU' | C164: 1 | D164: 4 | E164: 0.04 | F164: 0.5 | G164: 0.07 | H164: 2.8 | I164: 0 | J164: 1.8 | K164: 1.75 | L164: 0.3 | M164: 0.65 | N164: 0.206 | O164: 0.15 | P164: 0.057 | Q164: 0.33 | R164: / | S164: /
A165: 936071 | B165: 'GENROU' | C165: 1 | D165: 4 | E165: 0.04 | F165: 0.5 | G165: 0.07 | H165: 2.8 | I165: 0 | J165: 1.8 | K165: 1.75 | L165: 0.3 | M165: 0.65 | N165: 0.206 | O165: 0.15 | P165: 0.057 | Q165: 0.33 | R165: / | S165: /
A166: 936072 | B166: 'GENROU' | C166: 1 | D166: 4 | E166: 0.04 | F166: 0.5 | G166: 0.07 | H166: 2.8 | I166: 0 | J166: 1.8 | K166: 1.75 | L166: 0.3 | M166: 0.65 | N166: 0.206 | O166: 0.15 | P166: 0.057 | Q166: 0.33 | R166: / | S166: /
A167: 936073 | B167: 'GENROU' | C167: 1 | D167: 4 | E167: 0.04 | F167: 0.5 | G167: 0.07 | H167: 2.8 | I167: 0 | J167: 1.8 | K167: 1.75 | L167: 0.3 | M167: 0.65 | N167: 0.206 | O167: 0.15 | P167: 0.057 | Q167: 0.33 | R167: / | S167: /
A168: 937001 | B168: 'GENSAL' | C168: 1 | D168: 9.99 | E168: 0.1 | F168: 0.12 | G168: 3.63 | H168: 0.5 | I168: 1.07 | J168: 0.74 | K168: 0.24 | L168: 0.17 | M168: 0.15 | N168: 0.1 | O168: 0.25 | P168: / | Q168: /
A169: 937001 | B169: 'GENSAL' | C169: 2 | D169: 9.99 | E169: 0.1 | F169: 0.12 | G169: 3.63 | H169: 0.5 | I169: 1.07 | J169: 0.74 | K169: 0.24 | L169: 0.17 | M169: 0.15 | N169: 0.1 | O169: 0.25 | P169: / | Q169: /
A170: 937002 | B170: 'GENSAL' | C170: 1 | D170: 9.99 | E170: 0.1 | F170: 0.12 | G170: 3.63 | H170: 0.5 | I170: 1.07 | J170: 0.74 | K170: 0.24 | L170: 0.17 | M170: 0.15 | N170: 0.1 | O170: 0.25 | P170: / | Q170: /
A171: 937011 | B171: 'GENSAL' | C171: 1 | D171: 6.6 | E171: 0.05 | F171: 0.155 | G171: 2 | H171: 0 | I171: 1.13 | J171: 0.734 | K171: 0.26 | L171: 0.28 | M171: 0.104 | N171: 0.194 | O171: 0.685 | P171: / | Q171: /
A172: 937021 | B172: 'GENSAL' | C172: 1 | D172: 6.6 | E172: 0.05 | F172: 0.155 | G172: 2 | H172: 0 | I172: 1.13 | J172: 0.734 | K172: 0.26 | L172: 0.22 | M172: 0.104 | N172: 0.194 | O172: 0.685 | P172: / | Q172: /
A173: 937031 | B173: 'GENSAL' | C173: 1 | D173: 7.2 | E173: 0.123 | F173: 0.075 | G173: 4.677 | H173: 0 | I173: 0.87 | J173: 0.58 | K173: 0.27 | L173: 0.22 | M173: 0.116 | N173: 0.178 | O173: 0.592 | P173: / | Q173: /
A174: 937041 | B174: 'GENSAL' | C174: 1 | D174: 6.87 | E174: 0.056 | F174: 0.071 | G174: 3.76 | H174: 0.5 | I174: 1.043 | J174: 0.82 | K174: 0.474 | L174: 0.22 | M174: 0.12 | N174: 0.075 | O174: 0.272 | P174: / | Q174: /
A175: 937051 | B175: 'GENSAL' | C175: 1 | D175: 9.99 | E175: 0.1 | F175: 0.12 | G175: 3.63 | H175: 0.5 | I175: 1.07 | J175: 0.74 | K175: 0.24 | L175: 0.33 | M175: 0.15 | N175: 0.1 | O175: 0.25 | P175: / | Q175: /
A176: 937061 | B176: 'GENROU' | C176: 1 | D176: 4 | E176: 0.04 | F176: 0.5 | G176: 0.07 | H176: 2.8 | I176: 0 | J176: 1.8 | K176: 1.75 | L176: 0.3 | M176: 0.65 | N176: 0.256 | O176: 0.15 | P176: 0.057 | Q176: 0.33 | R176: / | S176: /
A177: 937062 | B177: 'GENROU' | C177: 1 | D177: 4 | E177: 0.04 | F177: 0.5 | G177: 0.07 | H177: 2.8 | I177: 0 | J177: 1.8 | K177: 1.75 | L177: 0.3 | M177: 0.65 | N177: 0.256 | O177: 0.15 | P177: 0.057 | Q177: 0.33 | R177: / | S177: /
A178: 937063 | B178: 'GENROU' | C178: 1 | D178: 4 | E178: 0.04 | F178: 0.5 | G178: 0.07 | H178: 2.8 | I178: 0 | J178: 1.8 | K178: 1.75 | L178: 0.3 | M178: 0.65 | N178: 0.256 | O178: 0.15 | P178: 0.057 | Q178: 0.33 | R178: / | S178: /
A179: 937064 | B179: 'GENROU' | C179: 1 | D179: 4 | E179: 0.04 | F179: 0.5 | G179: 0.07 | H179: 2.8 | I179: 0 | J179: 1.8 | K179: 1.75 | L179: 0.3 | M179: 0.65 | N179: 0.256 | O179: 0.15 | P179: 0.057 | Q179: 0.33 | R179: / | S179: /
A180: 938011 | B180: 'GENROU' | C180: 1 | D180: 4 | E180: 0.04 | F180: 0.5 | G180: 0.07 | H180: 2.8 | I180: 0 | J180: 1.8 | K180: 1.75 | L180: 0.3 | M180: 0.65 | N180: 0.256 | O180: 0.15 | P180: 0.057 | Q180: 0.33 | R180: / | S180: /
A181: 938012 | B181: 'GENROU' | C181: 1 | D181: 4 | E181: 0.04 | F181: 0.5 | G181: 0.07 | H181: 2.8 | I181: 0 | J181: 1.8 | K181: 1.75 | L181: 0.3 | M181: 0.65 | N181: 0.256 | O181: 0.15 | P181: 0.057 | Q181: 0.33 | R181: / | S181: /
A182: 938021 | B182: 'GENROU' | C182: 1 | D182: 4 | E182: 0.04 | F182: 0.5 | G182: 0.07 | H182: 2.8 | I182: 0 | J182: 1.8 | K182: 1.75 | L182: 0.3 | M182: 0.65 | N182: 0.256 | O182: 0.15 | P182: 0.057 | Q182: 0.33 | R182: / | S182: /
A183: 938022 | B183: 'GENROU' | C183: 1 | D183: 4 | E183: 0.04 | F183: 0.5 | G183: 0.07 | H183: 2.8 | I183: 0 | J183: 1.8 | K183: 1.75 | L183: 0.3 | M183: 0.65 | N183: 0.256 | O183: 0.15 | P183: 0.057 | Q183: 0.33 | R183: / | S183: /
A184: 938031 | B184: 'GENSAL' | C184: 1 | D184: 9.99 | E184: 0.085 | F184: 0.07 | G184: 3.6 | H184: 0.5 | I184: 1.32 | J184: 0.85 | K184: 0.343 | L184: 0.22 | M184: 0.11 | N184: 0.099 | O184: 0.36 | P184: / | Q184: /
A185: 938032 | B185: 'GENSAL' | C185: 1 | D185: 9.99 | E185: 0.085 | F185: 0.07 | G185: 3.6 | H185: 0.5 | I185: 1.32 | J185: 0.85 | K185: 0.343 | L185: 0.22 | M185: 0.11 | N185: 0.099 | O185: 0.36 | P185: / | Q185: /
A186: 938071 | B186: 'GENROU' | C186: 1 | D186: 4 | E186: 0.04 | F186: 0.5 | G186: 0.07 | H186: 2.8 | I186: 0 | J186: 1.8 | K186: 1.75 | L186: 0.3 | M186: 0.65 | N186: 0.256 | O186: 0.15 | P186: 0.057 | Q186: 0.33 | R186: / | S186: /
A187: 950011 | B187: 'GENROU' | C187: 1 | D187: 4 | E187: 0.04 | F187: 0.5 | G187: 0.07 | H187: 2.8 | I187: 0 | J187: 1.8 | K187: 1.75 | L187: 0.3 | M187: 0.65 | N187: 0.256 | O187: 0.15 | P187: 0.057 | Q187: 0.33 | R187: / | S187: /
A188: 950012 | B188: 'GENROU' | C188: 1 | D188: 4 | E188: 0.04 | F188: 0.5 | G188: 0.07 | H188: 2.8 | I188: 0 | J188: 1.8 | K188: 1.75 | L188: 0.3 | M188: 0.65 | N188: 0.256 | O188: 0.15 | P188: 0.057 | Q188: 0.33 | R188: / | S188: /
A189: 950021 | B189: 'GENROU' | C189: 1 | D189: 4 | E189: 0.04 | F189: 0.5 | G189: 0.07 | H189: 2.8 | I189: 0 | J189: 1.8 | K189: 1.75 | L189: 0.3 | M189: 0.65 | N189: 0.256 | O189: 0.15 | P189: 0.057 | Q189: 0.33 | R189: / | S189: /
A190: 950022 | B190: 'GENROU' | C190: 1 | D190: 4 | E190: 0.04 | F190: 0.5 | G190: 0.07 | H190: 2.8 | I190: 0 | J190: 1.8 | K190: 1.75 | L190: 0.3 | M190: 0.65 | N190: 0.256 | O190: 0.15 | P190: 0.057 | Q190: 0.33 | R190: / | S190: /
A191: 951011 | B191: 'GENSAL' | C191: 1 | D191: 6.6 | E191: 0.05 | F191: 0.155 | G191: 2 | H191: 0 | I191: 1.13 | J191: 0.734 | K191: 0.26 | L191: 0.256 | M191: 0.104 | N191: 0.194 | O191: 0.685 | P191: / | Q191: /
A192: 951012 | B192: 'GENSAL' | C192: 1 | D192: 6.6 | E192: 0.05 | F192: 0.155 | G192: 2 | H192: 0 | I192: 1.13 | J192: 0.734 | K192: 0.26 | L192: 0.256 | M192: 0.104 | N192: 0.194 | O192: 0.685 | P192: / | Q192: /
A193: 951013 | B193: 'GENROU' | C193: 1 | D193: 6.9 | E193: 0.199 | F193: 0.45 | G193: 0.07 | H193: 3.8 | I193: 0 | J193: 2.3 | K193: 2.21 | L193: 0.29 | M193: 0.46 | N193: 0.16 | O193: 0.167 | P193: 0.08 | Q193: 0.56 | R193: / | S193: /
A194: 951021 | B194: 'GENROU' | C194: 1 | D194: 4 | E194: 0.04 | F194: 0.5 | G194: 0.07 | H194: 2.8 | I194: 0 | J194: 1.8 | K194: 1.75 | L194: 0.3 | M194: 0.65 | N194: 0.256 | O194: 0.15 | P194: 0.057 | Q194: 0.33 | R194: / | S194: /
A195: 951022 | B195: 'GENROU' | C195: 1 | D195: 4 | E195: 0.04 | F195: 0.5 | G195: 0.07 | H195: 2.8 | I195: 0 | J195: 1.8 | K195: 1.75 | L195: 0.3 | M195: 0.65 | N195: 0.256 | O195: 0.15 | P195: 0.057 | Q195: 0.33 | R195: / | S195: /
A196: 951024 | B196: 'GENROU' | C196: 1 | D196: 4 | E196: 0.04 | F196: 0.5 | G196: 0.07 | H196: 2.8 | I196: 0 | J196: 1.8 | K196: 1.75 | L196: 0.3 | M196: 0.65 | N196: 0.256 | O196: 0.15 | P196: 0.057 | Q196: 0.33 | R196: / | S196: /
A197: 951031 | B197: 'GENSAL' | C197: 1 | D197: 6.6 | E197: 0.05 | F197: 0.155 | G197: 2 | H197: 0 | I197: 1.13 | J197: 0.734 | K197: 0.26 | L197: 0.16 | M197: 0.104 | N197: 0.194 | O197: 0.685 | P197: / | Q197: /
A198: 951032 | B198: 'GENSAL' | C198: 1 | D198: 6.6 | E198: 0.05 | F198: 0.155 | G198: 2 | H198: 0 | I198: 1.13 | J198: 0.734 | K198: 0.26 | L198: 0.16 | M198: 0.104 | N198: 0.194 | O198: 0.685 | P198: / | Q198: /
A199: 952011 | B199: 'GENSAL' | C199: 1 | D199: 7.2 | E199: 0.123 | F199: 0.075 | G199: 4.677 | H199: 0 | I199: 0.87 | J199: 0.58 | K199: 0.27 | L199: 0.22 | M199: 0.116 | N199: 0.178 | O199: 0.592 | P199: / | Q199: /
A200: 953021 | B200: 'GENSAL' | C200: 1 | D200: 6.6 | E200: 0.05 | F200: 0.155 | G200: 2 | H200: 0 | I200: 1.13 | J200: 0.734 | K200: 0.26 | L200: 0.226 | M200: 0.104 | N200: 0.194 | O200: 0.685 | P200: / | Q200: /
A201: 953031 | B201: 'GENSAL' | C201: 1 | D201: 6.6 | E201: 0.05 | F201: 0.155 | G201: 2 | H201: 0 | I201: 1.13 | J201: 0.734 | K201: 0.26 | L201: 0.33 | M201: 0.104 | N201: 0.194 | O201: 0.685 | P201: / | Q201: /
A202: 953041 | B202: 'GENSAL' | C202: 1 | D202: 6.6 | E202: 0.05 | F202: 0.155 | G202: 2 | H202: 0 | I202: 1.13 | J202: 0.734 | K202: 0.26 | L202: 0.33 | M202: 0.104 | N202: 0.194 | O202: 0.685 | P202: / | Q202: /
A203: 954001 | B203: 'GENSAL' | C203: 1 | D203: 7.2 | E203: 0.123 | F203: 0.075 | G203: 4.677 | H203: 0 | I203: 0.87 | J203: 0.58 | K203: 0.27 | L203: 0.22 | M203: 0.116 | N203: 0.178 | O203: 0.592 | P203: / | Q203: /
...

Sheet AVR0
A1: 113015 | B1: 'ESST4B' | C1: 1 | D1: 0 | E1: 15 | F1: 15 | G1: 5 | H1: -0.87 | I1: 0 | J1: 1 | K1: 0 | L1: 99 | M1: -99 | N1: 0 | O1: 9.3 | P1: 0 | Q1: 11.63 | R1: 0.113 | S1: 0.124 | T1: 0 | U1: / | V1: /
A2: 113017 | B2: 'ESST4B' | C2: 1 | D2: 0 | E2: 15 | F2: 15 | G2: 5 | H2: -0.87 | I2: 0 | J2: 1 | K2: 0 | L2: 99 | M2: -99 | N2: 0 | O2: 9.3 | P2: 0 | Q2: 11.63 | R2: 0.113 | S2: 0.124 | T2: 0 | U2: / | V2: /
A3: 126047 | B3: 'ESST4B' | C3: 1 | D3: 0 | E3: 15 | F3: 15 | G3: 5 | H3: -0.87 | I3: 0 | J3: 1 | K3: 0 | L3: 99 | M3: -99 | N3: 0 | O3: 9.3 | P3: 0 | Q3: 11.63 | R3: 0.113 | S3: 0.124 | T3: 0 | U3: / | V3: /
A4: 213019 | B4: 'ESST4B' | C4: 1 | D4: 0 | E4: 15 | F4: 15 | G4: 5 | H4: -0.87 | I4: 0 | J4: 1 | K4: 0 | L4: 99 | M4: -99 | N4: 0 | O4: 9.3 | P4: 0 | Q4: 11.63 | R4: 0.113 | S4: 0.124 | T4: 0 | U4: / | V4: /
A5: 213021 | B5: 'EXAC4' | C5: 1 | D5: 0 | E5: 10 | F5: -10 | G5: 1 | H5: 10 | I5: 200 | J5: 0.015 | K5: 5.64 | L5: -4.53 | M5: 0 | N5: / | O5: /
A6: 213031 | B6: 'ESST4B' | C6: 1 | D6: 0 | E6: 15 | F6: 15 | G6: 5 | H6: -0.87 | I6: 0 | J6: 1 | K6: 0 | L6: 99 | M6: -99 | N6: 0 | O6: 9.3 | P6: 0 | Q6: 11.63 | R6: 0.113 | S6: 0.124 | T6: 0 | U6: / | V6: /
A7: 213041 | B7: 'ESST4B' | C7: 1 | D7: 0 | E7: 15 | F7: 15 | G7: 5 | H7: -0.87 | I7: 0 | J7: 1 | K7: 0 | L7: 99 | M7: -99 | N7: 0 | O7: 9.3 | P7: 0 | Q7: 11.63 | R7: 0.113 | S7: 0.124 | T7: 0 | U7: / | V7: /
A8: 213051 | B8: 'ESST4B' | C8: 1 | D8: 0 | E8: 15 | F8: 15 | G8: 5 | H8: -0.87 | I8: 0 | J8: 1 | K8: 0 | L8: 99 | M8: -99 | N8: 0 | O8: 9.3 | P8: 0 | Q8: 11.63 | R8: 0.113 | S8: 0.124 | T8: 0 | U8: / | V8: /
A9: 216011 | B9: 'ESST4B' | C9: 1 | D9: 0 | E9: 15 | F9: 15 | G9: 5 | H9: -0.87 | I9: 0 | J9: 1 | K9: 0 | L9: 99 | M9: -99 | N9: 0 | O9: 9.3 | P9: 0 | Q9: 11.63 | R9: 0.113 | S9: 0.124 | T9: 0 | U9: / | V9: /
A10: 821012 | B10: 'ESST4B' | C10: 1 | D10: 0 | E10: 15 | F10: 15 | G10: 5 | H10: -0.87 | I10: 0 | J10: 1 | K10: 0 | L10: 99 | M10: -99 | N10: 0 | O10: 9.3 | P10: 0 | Q10: 11.63 | R10: 0.113 | S10: 0.124 | T10: 0 | U10: / | V10: /
A11: 910011 | B11: 'ESST4B' | C11: 1 | D11: 0 | E11: 10.75 | F11: 10.75 | G11: 5 | H11: -0.87 | I11: 0 | J11: 1 | K11: 0 | L11: 99 | M11: -99 | N11: 0 | O11: 9.3 | P11: 0 | Q11: 11.63 | R11: 0.113 | S11: 0.124 | T11: 0 | U11: / | V11: /
A12: 912011 | B12: 'ESST4B' | C12: 1 | D12: 0 | E12: 15 | F12: 15 | G12: 5 | H12: -0.87 | I12: 0 | J12: 1 | K12: 0 | L12: 99 | M12: -99 | N12: 0 | O12: 9.3 | P12: 0 | Q12: 11.63 | R12: 0.113 | S12: 0.124 | T12: 0 | U12: / | V12: /
A13: 912012 | B13: 'ESST4B' | C13: 1 | D13: 0 | E13: 15 | F13: 15 | G13: 5 | H13: -0.87 | I13: 0 | J13: 1 | K13: 0 | L13: 99 | M13: -99 | N13: 0 | O13: 9.3 | P13: 0 | Q13: 11.63 | R13: 0.113 | S13: 0.124 | T13: 0 | U13: / | V13: /
A14: 913011 | B14: 'ESST4B' | C14: 1 | D14: 0 | E14: 10.75 | F14: 10.75 | G14: 5 | H14: -0.87 | I14: 0 | J14: 1 | K14: 0 | L14: 99 | M14: -99 | N14: 0 | O14: 9.3 | P14: 0 | Q14: 11.63 | R14: 0.113 | S14: 0.124 | T14: 0 | U14: / | V14: /
A15: 913031 | B15: 'ESST4B' | C15: 1 | D15: 0 | E15: 10.75 | F15: 10.75 | G15: 5 | H15: -0.87 | I15: 0 | J15: 1 | K15: 0 | L15: 99 | M15: -99 | N15: 0 | O15: 9.3 | P15: 0 | Q15: 11.63 | R15: 0.113 | S15: 0.124 | T15: 0 | U15: / | V15: /
A16: 913041 | B16: 'ESST4B' | C16: 1 | D16: 0 | E16: 10.75 | F16: 10.75 | G16: 5 | H16: -0.87 | I16: 0 | J16: 1 | K16: 0 | L16: 99 | M16: -99 | N16: 0 | O16: 9.3 | P16: 0 | Q16: 11.63 | R16: 0.113 | S16: 0.124 | T16: 0 | U16: / | V16: /
A17: 913051 | B17: 'ESST4B' | C17: 1 | D17: 0 | E17: 10.75 | F17: 10.75 | G17: 5 | H17: -0.87 | I17: 0 | J17: 1 | K17: 0 | L17: 99 | M17: -99 | N17: 0 | O17: 9.3 | P17: 0 | Q17: 11.63 | R17: 0.113 | S17: 0.124 | T17: 0 | U17: / | V17: /
A18: 913061 | B18: 'ESST4B' | C18: 1 | D18: 0 | E18: 10.75 | F18: 10.75 | G18: 5 | H18: -0.87 | I18: 0 | J18: 1 | K18: 0 | L18: 99 | M18: -99 | N18: 0 | O18: 9.3 | P18: 0 | Q18: 11.63 | R18: 0.113 | S18: 0.124 | T18: 0 | U18: / | V18: /
A19: 914011 | B19: 'EXAC4' | C19: 1 | D19: 0 | E19: 10 | F19: -10 | G19: 1 | H19: 10 | I19: 200 | J19: 0.015 | K19: 5.64 | L19: -4.53 | M19: 0 | N19: / | O19: /
A20: 914012 | B20: 'EXAC4' | C20: 1 | D20: 0 | E20: 10 | F20: -10 | G20: 1 | H20: 10 | I20: 200 | J20: 0.015 | K20: 5.64 | L20: -4.53 | M20: 0 | N20: / | O20: /
A21: 914013 | B21: 'EXAC4' | C21: 1 | D21: 0 | E21: 10 | F21: -10 | G21: 1 | H21: 10 | I21: 200 | J21: 0.015 | K21: 5.64 | L21: -4.53 | M21: 0 | N21: / | O21: /
A22: 915001 | B22: 'ESST4B' | C22: 1 | D22: 0 | E22: 10.75 | F22: 10.75 | G22: 5 | H22: -0.87 | I22: 0 | J22: 1 | K22: 0 | L22: 99 | M22: -99 | N22: 0 | O22: 9.3 | P22: 0 | Q22: 11.63 | R22: 0.113 | S22: 0.124 | T22: 0 | U22: / | V22: /
A23: 915002 | B23: 'ESST4B' | C23: 1 | D23: 0 | E23: 10.75 | F23: 10.75 | G23: 5 | H23: -0.87 | I23: 0 | J23: 1 | K23: 0 | L23: 99 | M23: -99 | N23: 0 | O23: 9.3 | P23: 0 | Q23: 11.63 | R23: 0.113 | S23: 0.124 | T23: 0 | U23: / | V23: /
A24: 915007 | B24: 'ESST4B' | C24: 1 | D24: 0 | E24: 10.75 | F24: 10.75 | G24: 5 | H24: -0.87 | I24: 0 | J24: 1 | K24: 0 | L24: 99 | M24: -99 | N24: 0 | O24: 9.3 | P24: 0 | Q24: 11.63 | R24: 0.113 | S24: 0.124 | T24: 0 | U24: / | V24: /
A25: 915109 | B25: 'EXAC4' | C25: 1 | D25: 0 | E25: 0.2 | F25: -0.199 | G25: 0 | H25: 5 | I25: 250 | J25: 0.05 | K25: 5.64 | L25: 0 | M25: 0 | N25: / | O25: /
A26: 915208 | B26: 'EXAC4' | C26: 1 | D26: 0 | E26: 0.2 | F26: -0.199 | G26: 0 | H26: 5 | I26: 250 | J26: 0.05 | K26: 5.64 | L26: 0 | M26: 0 | N26: / | O26: /
A27: 915209 | B27: 'EXAC4' | C27: 1 | D27: 0 | E27: 0.2 | F27: -0.199 | G27: 0 | H27: 5 | I27: 250 | J27: 0.05 | K27: 5.64 | L27: 0 | M27: 0 | N27: / | O27: /
A28: 915211 | B28: 'EXAC4' | C28: 1 | D28: 0 | E28: 0.2 | F28: -0.199 | G28: 0 | H28: 5 | I28: 250 | J28: 0.05 | K28: 5.64 | L28: 0 | M28: 0 | N28: / | O28: /
A29: 915212 | B29: 'EXAC4' | C29: 1 | D29: 0 | E29: 0.2 | F29: -0.199 | G29: 0 | H29: 5 | I29: 250 | J29: 0.05 | K29: 5.64 | L29: 0 | M29: 0 | N29: / | O29: /
A30: 915213 | B30: 'EXAC4' | C30: 1 | D30: 0 | E30: 0.2 | F30: -0.199 | G30: 0 | H30: 5 | I30: 250 | J30: 0.05 | K30: 5.64 | L30: 0 | M30: 0 | N30: / | O30: /
A31: 915214 | B31: 'EXAC4' | C31: 1 | D31: 0 | E31: 0.2 | F31: -0.199 | G31: 0 | H31: 5 | I31: 250 | J31: 0.05 | K31: 5.64 | L31: 0 | M31: 0 | N31: / | O31: /
A32: 915237 | B32: 'EXAC4' | C32: 1 | D32: 0 | E32: 0.2 | F32: -0.199 | G32: 0 | H32: 5 | I32: 250 | J32: 0.05 | K32: 5.64 | L32: 0 | M32: 0 | N32: / | O32: /
A33: 915238 | B33: 'EXAC4' | C33: 1 | D33: 0 | E33: 0.2 | F33: -0.199 | G33: 0 | H33: 5 | I33: 250 | J33: 0.05 | K33: 5.64 | L33: 0 | M33: 0 | N33: / | O33: /
A34: 915239 | B34: 'EXAC4' | C34: 1 | D34: 0 | E34: 0.2 | F34: -0.199 | G34: 0 | H34: 5 | I34: 250 | J34: 0.05 | K34: 5.64 | L34: 0 | M34: 0 | N34: / | O34: /
A35: 916011 | B35: 'ESST4B' | C35: 1 | D35: 0 | E35: 10.75 | F35: 10.75 | G35: 5 | H35: -0.87 | I35: 0 | J35: 1 | K35: 0 | L35: 99 | M35: -99 | N35: 0 | O35: 9.3 | P35: 0 | Q35: 11.63 | R35: 0.113 | S35: 0.124 | T35: 0 | U35: / | V35: /
A36: 916012 | B36: 'ESST4B' | C36: 1 | D36: 0 | E36: 10.75 | F36: 10.75 | G36: 5 | H36: -0.87 | I36: 0 | J36: 1 | K36: 0 | L36: 99 | M36: -99 | N36: 0 | O36: 9.3 | P36: 0 | Q36: 11.63 | R36: 0.113 | S36: 0.124 | T36: 0 | U36: / | V36: /
A37: 916019 | B37: 'ESST4B' | C37: 1 | D37: 0 | E37: 10.75 | F37: 10.75 | G37: 5 | H37: -0.87 | I37: 0 | J37: 1 | K37: 0 | L37: 99 | M37: -99 | N37: 0 | O37: 9.3 | P37: 0 | Q37: 11.63 | R37: 0.113 | S37: 0.124 | T37: 0 | U37: / | V37: /
A38: 916023 | B38: 'ESST4B' | C38: 1 | D38: 0 | E38: 10.75 | F38: 10.75 | G38: 5 | H38: -0.87 | I38: 0 | J38: 1 | K38: 0 | L38: 99 | M38: -99 | N38: 0 | O38: 9.3 | P38: 0 | Q38: 11.63 | R38: 0.113 | S38: 0.124 | T38: 0 | U38: / | V38: /
A39: 916031 | B39: 'ESST4B' | C39: 1 | D39: 0 | E39: 15 | F39: 15 | G39: 5 | H39: -0.87 | I39: 0 | J39: 1 | K39: 0 | L39: 99 | M39: -99 | N39: 0 | O39: 9.3 | P39: 0 | Q39: 11.63 | R39: 0.113 | S39: 0.124 | T39: 0 | U39: / | V39: /
A40: 916032 | B40: 'ESST4B' | C40: 1 | D40: 0 | E40: 15 | F40: 15 | G40: 5 | H40: -0.87 | I40: 0 | J40: 1 | K40: 0 | L40: 99 | M40: -99 | N40: 0 | O40: 9.3 | P40: 0 | Q40: 11.63 | R40: 0.113 | S40: 0.124 | T40: 0 | U40: / | V40: /
A41: 916041 | B41: 'ESST4B' | C41: 1 | D41: 0 | E41: 10.75 | F41: 10.75 | G41: 5 | H41: -0.87 | I41: 0 | J41: 1 | K41: 0 | L41: 99 | M41: -99 | N41: 0 | O41: 9.3 | P41: 0 | Q41: 11.63 | R41: 0.113 | S41: 0.124 | T41: 0 | U41: / | V41: /
A42: 916051 | B42: 'ESST4B' | C42: 1 | D42: 0 | E42: 10.75 | F42: 10.75 | G42: 5 | H42: -0.87 | I42: 0 | J42: 1 | K42: 0 | L42: 99 | M42: -99 | N42: 0 | O42: 9.3 | P42: 0 | Q42: 11.63 | R42: 0.113 | S42: 0.124 | T42: 0 | U42: / | V42: /
A43: 917011 | B43: 'ESST4B' | C43: 1 | D43: 0 | E43: 10.75 | F43: 10.75 | G43: 5 | H43: -0.87 | I43: 0 | J43: 1 | K43: 0 | L43: 99 | M43: -99 | N43: 0 | O43: 9.3 | P43: 0 | Q43: 11.63 | R43: 0.113 | S43: 0.124 | T43: 0 | U43: / | V43: /
A44: 917012 | B44: 'ESST4B' | C44: 1 | D44: 0 | E44: 10.75 | F44: 10.75 | G44: 5 | H44: -0.87 | I44: 0 | J44: 1 | K44: 0 | L44: 99 | M44: -99 | N44: 0 | O44: 9.3 | P44: 0 | Q44: 11.63 | R44: 0.113 | S44: 0.124 | T44: 0 | U44: / | V44: /
A45: 917021 | B45: 'ESST4B' | C45: 1 | D45: 0 | E45: 10.75 | F45: 10.75 | G45: 5 | H45: -0.87 | I45: 0 | J45: 1 | K45: 0 | L45: 99 | M45: -99 | N45: 0 | O45: 9.3 | P45: 0 | Q45: 11.63 | R45: 0.113 | S45: 0.124 | T45: 0 | U45: / | V45: /
A46: 917022 | B46: 'ESST4B' | C46: 1 | D46: 0 | E46: 10.75 | F46: 10.75 | G46: 5 | H46: -0.87 | I46: 0 | J46: 1 | K46: 0 | L46: 99 | M46: -99 | N46: 0 | O46: 9.3 | P46: 0 | Q46: 11.63 | R46: 0.113 | S46: 0.124 | T46: 0 | U46: / | V46: /
... A56: 919022 | B56: 'ESST4B' | C56: 1 | D56: 0 | E56: 10.75 | F56: 10.75 | G56: 5 | H56: -0.87 | I56: 0 | J56: 1 | K56: 0 | L56: 99 | M56: -99 | N56: 0 | O56: 9.3 | P56: 0 | Q56: 11.63 | R56: 0.113 | S56: 0.124 | T56: 0 | U56: / | V56: /
A57: 919031 | B57: 'EXAC4' | C57: 1 | D57: 0 | E57: 10 | F57: -10 | G57: 1 | H57: 10 | I57: 200 | J57: 0.015 | K57: 5.64 | L57: -4.53 | M57: 0 | N57: / | O57: /
A58: 919032 | B58: 'EXAC4' | C58: 1 | D58: 0 | E58: 10 | F58: -10 | G58: 1 | H58: 10 | I58: 200 | J58: 0.015 | K58: 5.64 | L58: -4.53 | M58: 0 | N58: / | O58: /
A59: 919041 | B59: 'ESST4B' | C59: 1 | D59: 0 | E59: 15 | F59: 15 | G59: 5 | H59: -0.87 | I59: 0 | J59: 1 | K59: 0 | L59: 99 | M59: -99 | N59: 0 | O59: 9.3 | P59: 0 | Q59: 11.63 | R59: 0.113 | S59: 0.124 | T59: 0 | U59: / | V59: /
A60: 919042 | B60: 'ESST4B' | C60: 1 | D60: 0 | E60: 15 | F60: 15 | G60: 5 | H60: -0.87 | I60: 0 | J60: 1 | K60: 0 | L60: 99 | M60: -99 | N60: 0 | O60: 9.3 | P60: 0 | Q60: 11.63 | R60: 0.113 | S60: 0.124 | T60: 0 | U60: / | V60: /
A61: 919043 | B61: 'ESST4B' | C61: 1 | D61: 0 | E61: 15 | F61: 15 | G61: 5 | H61: -0.87 | I61: 0 | J61: 1 | K61: 0 | L61: 99 | M61: -99 | N61: 0 | O61: 9.3 | P61: 0 | Q61: 11.63 | R61: 0.113 | S61: 0.124 | T61: 0 | U61: / | V61: /
A62: 919044 | B62: 'ESST4B' | C62: 1 | D62: 0 | E62: 15 | F62: 15 | G62: 5 | H62: -0.87 | I62: 0 | J62: 1 | K62: 0 | L62: 99 | M62: -99 | N62: 0 | O62: 9.3 | P62: 0 | Q62: 11.63 | R62: 0.113 | S62: 0.124 | T62: 0 | U62: / | V62: /
A63: 919045 | B63: 'ESST4B' | C63: 1 | D63: 0 | E63: 15 | F63: 15 | G63: 5 | H63: -0.87 | I63: 0 | J63: 1 | K63: 0 | L63: 99 | M63: -99 | N63: 0 | O63: 9.3 | P63: 0 | Q63: 11.63 | R63: 0.113 | S63: 0.124 | T63: 0 | U63: / | V63: /
A64: 919046 | B64: 'ESST4B' | C64: 1 | D64: 0 | E64: 15 | F64: 15 | G64: 5 | H64: -0.87 | I64: 0 | J64: 1 | K64: 0 | L64: 99 | M64: -99 | N64: 0 | O64: 9.3 | P64: 0 | Q64: 11.63 | R64: 0.113 | S64: 0.124 | T64: 0 | U64: / | V64: /
A65: 919051 | B65: 'EXAC4' | C65: 1 | D65: 0 | E65: 0.2 | F65: -0.199 | G65: 0 | H65: 5 | I65: 250 | J65: 0.05 | K65: 5.64 | L65: 0 | M65: 0 | N65: / | O65: /
A66: 919052 | B66: 'ESST4B' | C66: 1 | D66: 0 | E66: 10.75 | F66: 10.75 | G66: 5 | H66: -0.87 | I66: 0 | J66: 1 | K66: 0 | L66: 99 | M66: -99 | N66: 0 | O66: 9.3 | P66: 0 | Q66: 11.63 | R66: 0.113 | S66: 0.124 | T66: 0 | U66: / | V66: /
A67: 919061 | B67: 'ESST4B' | C67: 1 | D67: 0 | E67: 10.75 | F67: 10.75 | G67: 5 | H67: -0.87 | I67: 0 | J67: 1 | K67: 0 | L67: 99 | M67: -99 | N67: 0 | O67: 9.3 | P67: 0 | Q67: 11.63 | R67: 0.113 | S67: 0.124 | T67: 0 | U67: / | V67: /
A68: 919062 | B68: 'ESST4B' | C68: 1 | D68: 0 | E68: 10.75 | F68: 10.75 | G68: 5 | H68: -0.87 | I68: 0 | J68: 1 | K68: 0 | L68: 99 | M68: -99 | N68: 0 | O68: 9.3 | P68: 0 | Q68: 11.63 | R68: 0.113 | S68: 0.124 | T68: 0 | U68: / | V68: /
A69: 919071 | B69: 'ESST4B' | C69: 1 | D69: 0 | E69: 10.75 | F69: 10.75 | G69: 5 | H69: -0.87 | I69: 0 | J69: 1 | K69: 0 | L69: 99 | M69: -99 | N69: 0 | O69: 9.3 | P69: 0 | Q69: 11.63 | R69: 0.113 | S69: 0.124 | T69: 0 | U69: / | V69: /
A70: 919072 | B70: 'ESST4B' | C70: 1 | D70: 0 | E70: 10.75 | F70: 10.75 | G70: 5 | H70: -0.87 | I70: 0 | J70: 1 | K70: 0 | L70: 99 | M70: -99 | N70: 0 | O70: 9.3 | P70: 0 | Q70: 11.63 | R70: 0.113 | S70: 0.124 | T70: 0 | U70: / | V70: /
A71: 919081 | B71: 'ESST4B' | C71: 1 | D71: 0 | E71: 10.75 | F71: 10.75 | G71: 5 | H71: -0.87 | I71: 0 | J71: 1 | K71: 0 | L71: 99 | M71: -99 | N71: 0 | O71: 9.3 | P71: 0 | Q71: 11.63 | R71: 0.113 | S71: 0.124 | T71: 0 | U71: / | V71: /
A72: 919082 | B72: 'ESST4B' | C72: 1 | D72: 0 | E72: 10.75 | F72: 10.75 | G72: 5 | H72: -0.87 | I72: 0 | J72: 1 | K72: 0 | L72: 99 | M72: -99 | N72: 0 | O72: 9.3 | P72: 0 | Q72: 11.63 | R72: 0.113 | S72: 0.124 | T72: 0 | U72: / | V72: /
A73: 919091 | B73: 'ESST4B' | C73: 1 | D73: 0 | E73: 10.75 | F73: 10.75 | G73: 5 | H73: -0.87 | I73: 0 | J73: 1 | K73: 0 | L73: 99 | M73: -99 | N73: 0 | O73: 9.3 | P73: 0 | Q73: 11.63 | R73: 0.113 | S73: 0.124 | T73: 0 | U73: / | V73: /
A74: 919092 | B74: 'ESST4B' | C74: 1 | D74: 0 | E74: 10.75 | F74: 10.75 | G74: 5 | H74: -0.87 | I74: 0 | J74: 1 | K74: 0 | L74: 99 | M74: -99 | N74: 0 | O74: 9.3 | P74: 0 | Q74: 11.63 | R74: 0.113 | S74: 0.124 | T74: 0 | U74: / | V74: /
A75: 919101 | B75: 'ESST4B' | C75: 1 | D75: 0 | E75: 10.75 | F75: 10.75 | G75: 5 | H75: -0.87 | I75: 0 | J75: 1 | K75: 0 | L75: 99 | M75: -99 | N75: 0 | O75: 9.3 | P75: 0 | Q75: 11.63 | R75: 0.113 | S75: 0.124 | T75: 0 | U75: / | V75: /
A76: 919102 | B76: 'ESST4B' | C76: 1 | D76: 0 | E76: 10.75 | F76: 10.75 | G76: 5 | H76: -0.87 | I76: 0 | J76: 1 | K76: 0 | L76: 99 | M76: -99 | N76: 0 | O76: 9.3 | P76: 0 | Q76: 11.63 | R76: 0.113 | S76: 0.124 | T76: 0 | U76: / | V76: /
A77: 920011 | B77: 'ESST4B' | C77: 1 | D77: 0 | E77: 10.75 | F77: 10.75 | G77: 5 | H77: -0.87 | I77: 0 | J77: 1 | K77: 0 | L77: 99 | M77: -99 | N77: 0 | O77: 9.3 | P77: 0 | Q77: 11.63 | R77: 0.113 | S77: 0.124 | T77: 0 | U77: / | V77: /
... A82: 922012 | B82: 'ESST4B' | C82: 1 | D82: 0 | E82: 10.75 | F82: 10.75 | G82: 5 | H82: -0.87 | I82: 0 | J82: 1 | K82: 0 | L82: 99 | M82: -99 | N82: 0 | O82: 9.3 | P82: 0 | Q82: 11.63 | R82: 0.113 | S82: 0.124 | T82: 0 | U82: / | V82: /
A83: 923011 | B83: 'EXAC4' | C83: 1 | D83: 0 | E83: 0.2 | F83: -0.199 | G83: 0 | H83: 5 | I83: 250 | J83: 0.05 | K83: 5.64 | L83: 0 | M83: 0 | N83: / | O83: /
A84: 923012 | B84: 'EXAC4' | C84: 1 | D84: 0 | E84: 0.2 | F84: -0.199 | G84: 0 | H84: 5 | I84: 250 | J84: 0.05 | K84: 5.64 | L84: 0 | M84: 0 | N84: / | O84: /
A85: 923013 | B85: 'EXAC4' | C85: 1 | D85: 0 | E85: 0.2 | F85: -0.199 | G85: 0 | H85: 5 | I85: 250 | J85: 0.05 | K85: 5.64 | L85: 0 | M85: 0 | N85: / | O85: /
A86: 923014 | B86: 'EXAC4' | C86: 1 | D86: 0 | E86: 0.2 | F86: -0.199 | G86: 0 | H86: 5 | I86: 250 | J86: 0.05 | K86: 5.64 | L86: 0 | M86: 0 | N86: / | O86: /
A87: 923015 | B87: 'EXAC4' | C87: 1 | D87: 0 | E87: 0.2 | F87: -0.199 | G87: 0 | H87: 5 | I87: 250 | J87: 0.05 | K87: 5.64 | L87: 0 | M87: 0 | N87: / | O87: /
A88: 923016 | B88: 'EXAC4' | C88: 1 | D88: 0 | E88: 0.2 | F88: -0.199 | G88: 0 | H88: 5 | I88: 250 | J88: 0.05 | K88: 5.64 | L88: 0 | M88: 0 | N88: / | O88: /
A89: 923017 | B89: 'EXAC4' | C89: 1 | D89: 0 | E89: 0.2 | F89: -0.199 | G89: 0 | H89: 5 | I89: 250 | J89: 0.05 | K89: 5.64 | L89: 0 | M89: 0 | N89: / | O89: /
A90: 923018 | B90: 'EXAC4' | C90: 1 | D90: 0 | E90: 0.2 | F90: -0.199 | G90: 0 | H90: 5 | I90: 250 | J90: 0.05 | K90: 5.64 | L90: 0 | M90: 0 | N90: / | O90: /
A91: 924001 | B91: 'ESST4B' | C91: 1 | D91: 0 | E91: 10.75 | F91: 10.75 | G91: 5 | H91: -0.87 | I91: 0 | J91: 1 | K91: 0 | L91: 99 | M91: -99 | N91: 0 | O91: 9.3 | P91: 0 | Q91: 11.63 | R91: 0.113 | S91: 0.124 | T91: 0 | U91: / | V91: /
A92: 924002 | B92: 'ESST4B' | C92: 1 | D92: 0 | E92: 10.75 | F92: 10.75 | G92: 5 | H92: -0.87 | I92: 0 | J92: 1 | K92: 0 | L92: 99 | M92: -99 | N92: 0 | O92: 9.3 | P92: 0 | Q92: 11.63 | R92: 0.113 | S92: 0.124 | T92: 0 | U92: / | V92: /
A93: 924002 | B93: 'ESST4B' | C93: 2 | D93: 0 | E93: 10.75 | F93: 10.75 | G93: 5 | H93: -0.87 | I93: 0 | J93: 1 | K93: 0 | L93: 99 | M93: -99 | N93: 0 | O93: 9.3 | P93: 0 | Q93: 11.63 | R93: 0.113 | S93: 0.124 | T93: 0 | U93: / | V93: /
A94: 926011 | B94: 'ESST4B' | C94: 1 | D94: 0 | E94: 15 | F94: 15 | G94: 5 | H94: -0.87 | I94: 0 | J94: 1 | K94: 0 | L94: 99 | M94: -99 | N94: 0 | O94: 9.3 | P94: 0 | Q94: 11.63 | R94: 0.113 | S94: 0.124 | T94: 0 | U94: / | V94: /
A95: 926012 | B95: 'ESST4B' | C95: 1 | D95: 0 | E95: 15 | F95: 15 | G95: 5 | H95: -0.87 | I95: 0 | J95: 1 | K95: 0 | L95: 99 | M95: -99 | N95: 0 | O95: 9.3 | P95: 0 | Q95: 11.63 | R95: 0.113 | S95: 0.124 | T95: 0 | U95: / | V95: /
A96: 926013 | B96: 'ESST4B' | C96: 1 | D96: 0 | E96: 15 | F96: 15 | G96: 5 | H96: -0.87 | I96: 0 | J96: 1 | K96: 0 | L96: 99 | M96: -99 | N96: 0 | O96: 9.3 | P96: 0 | Q96: 11.63 | R96: 0.113 | S96: 0.124 | T96: 0 | U96: / | V96: /
A97: 926014 | B97: 'ESST4B' | C97: 1 | D97: 0 | E97: 15 | F97: 15 | G97: 5 | H97: -0.87 | I97: 0 | J97: 1 | K97: 0 | L97: 99 | M97: -99 | N97: 0 | O97: 9.3 | P97: 0 | Q97: 11.63 | R97: 0.113 | S97: 0.124 | T97: 0 | U97: / | V97: /
A98: 926015 | B98: 'ESST4B' | C98: 1 | D98: 0 | E98: 15 | F98: 15 | G98: 5 | H98: -0.87 | I98: 0 | J98: 1 | K98: 0 | L98: 99 | M98: -99 | N98: 0 | O98: 9.3 | P98: 0 | Q98: 11.63 | R98: 0.113 | S98: 0.124 | T98: 0 | U98: / | V98: /
A99: 926016 | B99: 'ESST4B' | C99: 1 | D99: 0 | E99: 15 | F99: 15 | G99: 5 | H99: -0.87 | I99: 0 | J99: 1 | K99: 0 | L99: 99 | M99: -99 | N99: 0 | O99: 9.3 | P99: 0 | Q99: 11.63 | R99: 0.113 | S99: 0.124 | T99: 0 | U99: / | V99: /
A100: 926021 | B100: 'ESST4B' | C100: 1 | D100: 0 | E100: 15 | F100: 15 | G100: 5 | H100: -0.87 | I100: 0 | J100: 1 | K100: 0 | L100: 99 | M100: -99 | N100: 0 | O100: 9.3 | P100: 0 | Q100: 11.63 | R100: 0.113 | S100: 0.124 | T100: 0 | U100: / | V100: /
A101: 926031 | B101: 'ESST4B' | C101: 1 | D101: 0 | E101: 15 | F101: 15 | G101: 5 | H101: -0.87 | I101: 0 | J101: 1 | K101: 0 | L101: 99 | M101: -99 | N101: 0 | O101: 9.3 | P101: 0 | Q101: 11.63 | R101: 0.113 | S101: 0.124 | T101: 0 | U101: / | V101: /
A102: 926032 | B102: 'ESST4B' | C102: 1 | D102: 0 | E102: 15 | F102: 15 | G102: 5 | H102: -0.87 | I102: 0 | J102: 1 | K102: 0 | L102: 99 | M102: -99 | N102: 0 | O102: 9.3 | P102: 0 | Q102: 11.63 | R102: 0.113 | S102: 0.124 | T102: 0 | U102: / | V102: /
... A160: 936042 | B160: 'ESST4B' | C160: 1 | D160: 0 | E160: 10.75 | F160: 10.75 | G160: 5 | H160: -0.87 | I160: 0 | J160: 1 | K160: 0 | L160: 99 | M160: -99 | N160: 0 | O160: 9.3 | P160: 0 | Q160: 11.63 | R160: 0.113 | S160: 0.124 | T160: 0 | U160: / | V160: /
A161: 936051 | B161: 'EXAC4' | C161: 1 | D161: 0 | E161: 0.2 | F161: -0.199 | G161: 0 | H161: 5 | I161: 250 | J161: 0.05 | K161: 5.64 | L161: 0 | M161: 0 | N161: / | O161: /
A162: 936061 | B162: 'ESST4B' | C162: 1 | D162: 0 | E162: 10.75 | F162: 10.75 | G162: 5 | H162: -0.87 | I162: 0 | J162: 1 | K162: 0 | L162: 99 | M162: -99 | N162: 0 | O162: 9.3 | P162: 0 | Q162: 11.63 | R162: 0.113 | S162: 0.124 | T162: 0 | U162: / | V162: /
A163: 936062 | B163: 'ESST4B' | C163: 1 | D163: 0 | E163: 10.75 | F163: 10.75 | G163: 5 | H163: -0.87 | I163: 0 | J163: 1 | K163: 0 | L163: 99 | M163: -99 | N163: 0 | O163: 9.3 | P163: 0 | Q163: 11.63 | R163: 0.113 | S163: 0.124 | T163: 0 | U163: / | V163: /
A164: 936063 | B164: 'ESST4B' | C164: 1 | D164: 0 | E164: 10.75 | F164: 10.75 | G164: 5 | H164: -0.87 | I164: 0 | J164: 1 | K164: 0 | L164: 99 | M164: -99 | N164: 0 | O164: 9.3 | P164: 0 | Q164: 11.63 | R164: 0.113 | S164: 0.124 | T164: 0 | U164: / | V164: /
A165: 936071 | B165: 'ESST4B' | C165: 1 | D165: 0 | E165: 10.75 | F165: 10.75 | G165: 5 | H165: -0.87 | I165: 0 | J165: 1 | K165: 0 | L165: 99 | M165: -99 | N165: 0 | O165: 9.3 | P165: 0 | Q165: 11.63 | R165: 0.113 | S165: 0.124 | T165: 0 | U165: / | V165: /
A166: 936072 | B166: 'ESST4B' | C166: 1 | D166: 0 | E166: 10.75 | F166: 10.75 | G166: 5 | H166: -0.87 | I166: 0 | J166: 1 | K166: 0 | L166: 99 | M166: -99 | N166: 0 | O166: 9.3 | P166: 0 | Q166: 11.63 | R166: 0.113 | S166: 0.124 | T166: 0 | U166: / | V166: /
A167: 936073 | B167: 'ESST4B' | C167: 1 | D167: 0 | E167: 10.75 | F167: 10.75 | G167: 5 | H167: -0.87 | I167: 0 | J167: 1 | K167: 0 | L167: 99 | M167: -99 | N167: 0 | O167: 9.3 | P167: 0 | Q167: 11.63 | R167: 0.113 | S167: 0.124 | T167: 0 | U167: / | V167: /
A168: 937001 | B168: 'ESST4B' | C168: 1 | D168: 0 | E168: 10.75 | F168: 10.75 | G168: 5 | H168: -0.87 | I168: 0 | J168: 1 | K168: 0 | L168: 99 | M168: -99 | N168: 0 | O168: 9.3 | P168: 0 | Q168: 11.63 | R168: 0.113 | S168: 0.124 | T168: 0 | U168: / | V168: /
A169: 937001 | B169: 'ESST4B' | C169: 2 | D169: 0 | E169: 10.75 | F169: 10.75 | G169: 5 | H169: -0.87 | I169: 0 | J169: 1 | K169: 0 | L169: 99 | M169: -99 | N169: 0 | O169: 9.3 | P169: 0 | Q169: 11.63 | R169: 0.113 | S169: 0.124 | T169: 0 | U169: / | V169: /
A170: 937002 | B170: 'ESST4B' | C170: 1 | D170: 0 | E170: 10.75 | F170: 10.75 | G170: 5 | H170: -0.87 | I170: 0 | J170: 1 | K170: 0 | L170: 99 | M170: -99 | N170: 0 | O170: 9.3 | P170: 0 | Q170: 11.63 | R170: 0.113 | S170: 0.124 | T170: 0 | U170: / | V170: /
...

Sheet GOV0
A1: 113015 | B1: 'HYGOV' | C1: 1 | D1: 0.03 | E1: 0.18 | F1: 6.64 | G1: 0.05 | H1: 0.5 | I1: 0.15 | J1: 1 | K1: 0 | L1: 1.66 | M1: 1.41 | N1: 0.499 | O1: 0.06 | P1: / | Q1: /
A2: 113017 | B2: 'HYGOV' | C2: 1 | D2: 0.03 | E2: 0.18 | F2: 6.64 | G2: 0.05 | H2: 0.5 | I2: 0.15 | J2: 1 | K2: 0 | L2: 1.66 | M2: 1.41 | N2: 0.499 | O2: 0.06 | P2: / | Q2: /
A3: 126047 | B3: 'HYGOV' | C3: 1 | D3: 0.03 | E3: 0.18 | F3: 6.64 | G3: 0.05 | H3: 0.5 | I3: 0.15 | J3: 1 | K3: 0 | L3: 1.66 | M3: 1.41 | N3: 0.499 | O3: 0.06 | P3: / | Q3: /
A4: 213019 | B4: 'HYGOV' | C4: 1 | D4: 0.03 | E4: 0.18 | F4: 6.64 | G4: 0.05 | H4: 0.5 | I4: 0.15 | J4: 1 | K4: -1 | L4: 1.66 | M4: 1.41 | N4: 0.499 | O4: 0.06 | P4: / | Q4: /
A5: 213021 | B5: 'HYGOV' | C5: 1 | D5: 0.06 | E5: 0.4 | F5: 3 | G5: 0.099 | H5: 0.4 | I5: 0.15 | J5: 1 | K5: 0.1 | L5: 1.35 | M5: 1.4 | N5: 0.1 | O5: 0.1 | P5: / | Q5: /
A6: 213031 | B6: 'HYGOV' | C6: 1 | D6: 0.06 | E6: 0.4 | F6: 3 | G6: 0.099 | H6: 0.4 | I6: 0.15 | J6: 1 | K6: 0.1 | L6: 1.35 | M6: 1.4 | N6: 0.1 | O6: 0.1 | P6: / | Q6: /
A7: 213041 | B7: 'HYGOV' | C7: 1 | D7: 0.06 | E7: 0.4 | F7: 3 | G7: 0.099 | H7: 0.4 | I7: 0.15 | J7: 1 | K7: 0.1 | L7: 1.35 | M7: 1.4 | N7: 0.1 | O7: 0.1 | P7: / | Q7: /
A8: 213051 | B8: 'HYGOV' | C8: 1 | D8: 0.06 | E8: 0.4 | F8: 3 | G8: 0.099 | H8: 0.4 | I8: 0.15 | J8: 1 | K8: 0.1 | L8: 1.35 | M8: 1.4 | N8: 0.1 | O8: 0.1 | P8: / | Q8: /
A9: 216011 | B9: 'HYGOV' | C9: 1 | D9: 0.03 | E9: 0.18 | F9: 6.64 | G9: 0.05 | H9: 0.5 | I9: 0.15 | J9: 1 | K9: 0 | L9: 1.66 | M9: 1.41 | N9: 0.499 | O9: 0.06 | P9: / | Q9: /
A10: 821012 | B10: 'TGOV1' | C10: 1 | D10: 0.05 | E10: 0.05 | F10: 0.9 | G10: 0.3 | H10: 3 | I10: 9 | J10: 0 | K10: / | L10: /
A11: 910011 | B11: 'HYGOV' | C11: 1 | D11: 0.03 | E11: 0.18 | F11: 6.64 | G11: 0.05 | H11: 0.5 | I11: 0.15 | J11: 1 | K11: 0 | L11: 1.66 | M11: 1.41 | N11: 0.499 | O11: 0.06 | P11: / | Q11: /
A12: 912011 | B12: 'TGOV1' | C12: 1 | D12: 0.03 | E12: 0.499 | F12: 1 | G12: 0 | H12: 4 | I12: 9 | J12: 0.1 | K12: / | L12: /
A13: 912012 | B13: 'TGOV1' | C13: 1 | D13: 0.03 | E13: 0.499 | F13: 1 | G13: 0 | H13: 4 | I13: 9 | J13: 0.1 | K13: / | L13: /
A14: 913011 | B14: 'HYGOV' | C14: 1 | D14: 0.03 | E14: 0.18 | F14: 6.64 | G14: 0.05 | H14: 0.5 | I14: 0.15 | J14: 1 | K14: 0 | L14: 1.66 | M14: 1.41 | N14: 0.499 | O14: 0.06 | P14: / | Q14: /
A15: 913031 | B15: 'HYGOV' | C15: 1 | D15: 0.06 | E15: 0.4 | F15: 3 | G15: 0.099 | H15: 0.4 | I15: 0.15 | J15: 1 | K15: 0.1 | L15: 1.35 | M15: 1.4 | N15: 0.1 | O15: 0.1 | P15: / | Q15: /
A16: 913041 | B16: 'HYGOV' | C16: 1 | D16: 0.06 | E16: 0.4 | F16: 3 | G16: 0.099 | H16: 0.4 | I16: 0.15 | J16: 1 | K16: 0.1 | L16: 1.35 | M16: 1.4 | N16: 0.1 | O16: 0.1 | P16: / | Q16: /
A17: 913051 | B17: 'HYGOV' | C17: 1 | D17: 0.06 | E17: 0.4 | F17: 3 | G17: 0.099 | H17: 0.4 | I17: 0.15 | J17: 1 | K17: 0.1 | L17: 1.35 | M17: 1.4 | N17: 0.1 | O17: 0.1 | P17: / | Q17: /
A18: 913061 | B18: 'HYGOV' | C18: 1 | D18: 0.06 | E18: 0.4 | F18: 3 | G18: 0.099 | H18: 0.4 | I18: 0.15 | J18: 1 | K18: 0.1 | L18: 1.35 | M18: 1.4 | N18: 0.1 | O18: 0.1 | P18: / | Q18: /
A19: 914011 | B19: 'HYGOV' | C19: 1 | D19: 0.06 | E19: 0.4 | F19: 3 | G19: 0.099 | H19: 0.4 | I19: 0.15 | J19: 1 | K19: 0.1 | L19: 1.35 | M19: 1.4 | N19: 0.1 | O19: 0.1 | P19: / | Q19: /
A20: 914012 | B20: 'HYGOV' | C20: 1 | D20: 0.06 | E20: 0.4 | F20: 3 | G20: 0.099 | H20: 0.4 | I20: 0.15 | J20: 1 | K20: 0.1 | L20: 1.35 | M20: 1.4 | N20: 0.1 | O20: 0.1 | P20: / | Q20: /
A21: 914013 | B21: 'HYGOV' | C21: 1 | D21: 0.06 | E21: 0.4 | F21: 3 | G21: 0.099 | H21: 0.4 | I21: 0.15 | J21: 1 | K21: 0.1 | L21: 1.35 | M21: 1.4 | N21: 0.1 | O21: 0.1 | P21: / | Q21: /
A22: 915001 | B22: 'HYGOV' | C22: 1 | D22: 0.06 | E22: 0.4 | F22: 3 | G22: 0.099 | H22: 0.4 | I22: 0.15 | J22: 1 | K22: 0.1 | L22: 1.35 | M22: 1.4 | N22: 0.1 | O22: 0.1 | P22: / | Q22: /
A23: 915002 | B23: 'HYGOV' | C23: 1 | D23: 0.06 | E23: 0.4 | F23: 3 | G23: 0.099 | H23: 0.4 | I23: 0.15 | J23: 1 | K23: 0.1 | L23: 1.35 | M23: 1.4 | N23: 0.1 | O23: 0.1 | P23: / | Q23: /
A24: 915007 | B24: 'HYGOV' | C24: 1 | D24: 0.06 | E24: 0.4 | F24: 3 | G24: 0.099 | H24: 0.4 | I24: 0.15 | J24: 1 | K24: 0.1 | L24: 1.35 | M24: 1.4 | N24: 0.1 | O24: 0.1 | P24: / | Q24: /
A25: 915109 | B25: 'HYGOV' | C25: 1 | D25: 0.06 | E25: 0.4 | F25: 3 | G25: 0.099 | H25: 0.4 | I25: 0.15 | J25: 1 | K25: 0.1 | L25: 1.35 | M25: 1.4 | N25: 0.1 | O25: 0.1 | P25: / | Q25: /
... A80: 920022 | B80: 'HYGOV' | C80: 1 | D80: 0.03 | E80: 0.18 | F80: 6.64 | G80: 0.05 | H80: 0.5 | I80: 0.15 | J80: 1 | K80: 0 | L80: 1.66 | M80: 1.41 | N80: 0.499 | O80: 0.06 | P80: / | Q80: /
A81: 922011 | B81: 'TGOV1' | C81: 1 | D81: 0.03 | E81: 0.499 | F81: 1 | G81: 0 | H81: 4 | I81: 9 | J81: 0.1 | K81: / | L81: /
A82: 922012 | B82: 'TGOV1' | C82: 1 | D82: 0.03 | E82: 0.499 | F82: 1 | G82: 0 | H82: 4 | I82: 9 | J82: 0.1 | K82: / | L82: /
A83: 923011 | B83: 'HYGOV' | C83: 1 | D83: 0.03 | E83: 0.18 | F83: 6.64 | G83: 0.05 | H83: 0.5 | I83: 0.15 | J83: 1 | K83: 0 | L83: 1.66 | M83: 1.41 | N83: 0.499 | O83: 0.06 | P83: / | Q83: /
A84: 923012 | B84: 'HYGOV' | C84: 1 | D84: 0.03 | E84: 0.18 | F84: 6.64 | G84: 0.05 | H84: 0.5 | I84: 0.15 | J84: 1 | K84: 0 | L84: 1.66 | M84: 1.41 | N84: 0.499 | O84: 0.06 | P84: / | Q84: /
A85: 923013 | B85: 'HYGOV' | C85: 1 | D85: 0.03 | E85: 0.18 | F85: 6.64 | G85: 0.05 | H85: 0.5 | I85: 0.15 | J85: 1 | K85: 0 | L85: 1.66 | M85: 1.41 | N85: 0.499 | O85: 0.06 | P85: / | Q85: /
A86: 923014 | B86: 'HYGOV' | C86: 1 | D86: 0.03 | E86: 0.18 | F86: 6.64 | G86: 0.05 | H86: 0.5 | I86: 0.15 | J86: 1 | K86: 0 | L86: 1.66 | M86: 1.41 | N86: 0.499 | O86: 0.06 | P86: / | Q86: /
A87: 923015 | B87: 'HYGOV' | C87: 1 | D87: 0.03 | E87: 0.18 | F87: 6.64 | G87: 0.05 | H87: 0.5 | I87: 0.15 | J87: 1 | K87: 0 | L87: 1.66 | M87: 1.41 | N87: 0.499 | O87: 0.06 | P87: / | Q87: /
A88: 923016 | B88: 'HYGOV' | C88: 1 | D88: 0.03 | E88: 0.18 | F88: 6.64 | G88: 0.05 | H88: 0.5 | I88: 0.15 | J88: 1 | K88: 0 | L88: 1.66 | M88: 1.41 | N88: 0.499 | O88: 0.06 | P88: / | Q88: /
A89: 923017 | B89: 'HYGOV' | C89: 1 | D89: 0.03 | E89: 0.18 | F89: 6.64 | G89: 0.05 | H89: 0.5 | I89: 0.15 | J89: 1 | K89: 0 | L89: 1.66 | M89: 1.41 | N89: 0.499 | O89: 0.06 | P89: / | Q89: /
A90: 923018 | B90: 'HYGOV' | C90: 1 | D90: 0.03 | E90: 0.18 | F90: 6.64 | G90: 0.05 | H90: 0.5 | I90: 0.15 | J90: 1 | K90: 0 | L90: 1.66 | M90: 1.41 | N90: 0.499 | O90: 0.06 | P90: / | Q90: /
A91: 924001 | B91: 'TGOV1' | C91: 1 | D91: 0.03 | E91: 0.499 | F91: 1 | G91: 0 | H91: 4 | I91: 9 | J91: 0.1 | K91: / | L91: /
A92: 924002 | B92: 'TGOV1' | C92: 1 | D92: 0.03 | E92: 0.499 | F92: 1 | G92: 0 | H92: 4 | I92: 9 | J92: 0.1 | K92: / | L92: /
A93: 924002 | B93: 'TGOV1' | C93: 2 | D93: 0.03 | E93: 0.499 | F93: 1 | G93: 0 | H93: 4 | I93: 9 | J93: 0.1 | K93: / | L93: /
A94: 926011 | B94: 'TGOV1' | C94: 1 | D94: 0.03 | E94: 0.499 | F94: 1 | G94: 0 | H94: 4 | I94: 9 | J94: 0.1 | K94: / | L94: /
A95: 926012 | B95: 'TGOV1' | C95: 1 | D95: 0.03 | E95: 0.499 | F95: 1 | G95: 0 | H95: 4 | I95: 9 | J95: 0.1 | K95: / | L95: /
A96: 926013 | B96: 'TGOV1' | C96: 1 | D96: 0.03 | E96: 0.499 | F96: 1 | G96: 0 | H96: 4 | I96: 9 | J96: 0.1 | K96: / | L96: /
A97: 926014 | B97: 'TGOV1' | C97: 1 | D97: 0.03 | E97: 0.499 | F97: 1 | G97: 0 | H97: 4 | I97: 9 | J97: 0.1 | K97: / | L97: /
A98: 926015 | B98: 'TGOV1' | C98: 1 | D98: 0.03 | E98: 0.499 | F98: 1 | G98: 0 | H98: 4 | I98: 9 | J98: 0.1 | K98: / | L98: /
A99: 926016 | B99: 'TGOV1' | C99: 1 | D99: 0.03 | E99: 0.499 | F99: 1 | G99: 0 | H99: 4 | I99: 9 | J99: 0.1 | K99: / | L99: /
A100: 926021 | B100: 'TGOV1' | C100: 1 | D100: 0.03 | E100: 0.499 | F100: 1 | G100: 0 | H100: 4 | I100: 9 | J100: 0.1 | K100: / | L100: /
A101: 926031 | B101: 'TGOV1' | C101: 1 | D101: 0.05 | E101: 0.05 | F101: 1.1 | G101: 0 | H101: 2.7 | I101: 9 | J101: 0 | K101: / | L101: /
A102: 926032 | B102: 'TGOV1' | C102: 1 | D102: 0.05 | E102: 0.05 | F102: 1.1 | G102: 0 | H102: 2.7 | I102: 9 | J102: 0 | K102: / | L102: /
... A152: 933021 | B152: 'TGOV1' | C152: 1 | D152: 0.03 | E152: 0.499 | F152: 1 | G152: 0 | H152: 4 | I152: 9 | J152: 0.1 | K152: / | L152: /
A153: 936011 | B153: 'HYGOV' | C153: 1 | D153: 0.06 | E153: 0.4 | F153: 3 | G153: 0.099 | H153: 0.4 | I153: 0.15 | J153: 1 | K153: 0.1 | L153: 1.35 | M153: 1.4 | N153: 0.1 | O153: 0.1 | P153: / | Q153: /
A154: 936012 | B154: 'HYGOV' | C154: 1 | D154: 0.06 | E154: 0.4 | F154: 3 | G154: 0.099 | H154: 0.4 | I154: 0.15 | J154: 1 | K154: 0.1 | L154: 1.35 | M154: 1.4 | N154: 0.1 | O154: 0.1 | P154: / | Q154: /
A155: 936021 | B155: 'TGOV1' | C155: 1 | D155: 0.03 | E155: 0.499 | F155: 1 | G155: 0 | H155: 4 | I155: 9 | J155: 0.1 | K155: / | L155: /
A156: 936022 | B156: 'TGOV1' | C156: 1 | D156: 0.03 | E156: 0.499 | F156: 1 | G156: 0 | H156: 4 | I156: 9 | J156: 0.1 | K156: / | L156: /
A157: 936031 | B157: 'TGOV1' | C157: 1 | D157: 0.05 | E157: 0.05 | F157: 0.9 | G157: 0.3 | H157: 3 | I157: 9 | J157: 0 | K157: / | L157: /
A158: 936032 | B158: 'TGOV1' | C158: 1 | D158: 0.05 | E158: 0.05 | F158: 0.9 | G158: 0.3 | H158: 3 | I158: 9 | J158: 0 | K158: / | L158: /
A159: 936041 | B159: 'HYGOV' | C159: 1 | D159: 0.06 | E159: 0.4 | F159: 3 | G159: 0.099 | H159: 0.4 | I159: 0.15 | J159: 1 | K159: 0.1 | L159: 1.35 | M159: 1.4 | N159: 0.1 | O159: 0.1 | P159: / | Q159: /
A160: 936042 | B160: 'HYGOV' | C160: 1 | D160: 0.06 | E160: 0.4 | F160: 3 | G160: 0.099 | H160: 0.4 | I160: 0.15 | J160: 1 | K160: 0.1 | L160: 1.35 | M160: 1.4 | N160: 0.1 | O160: 0.1 | P160: / | Q160: /
A161: 936051 | B161: 'HYGOV' | C161: 1 | D161: 0.06 | E161: 0.4 | F161: 3 | G161: 0.099 | H161: 0.4 | I161: 0.15 | J161: 1 | K161: 0.1 | L161: 1.35 | M161: 1.4 | N161: 0.1 | O161: 0.1 | P161: / | Q161: /
A162: 936061 | B162: 'TGOV1' | C162: 1 | D162: 0.05 | E162: 0.05 | F162: 1.1 | G162: 0 | H162: 2.7 | I162: 9 | J162: 0 | K162: / | L162: /
A163: 936062 | B163: 'TGOV1' | C163: 1 | D163: 0.05 | E163: 0.05 | F163: 1.1 | G163: 0 | H163: 2.7 | I163: 9 | J163: 0 | K163: / | L163: /
A164: 936063 | B164: 'TGOV1' | C164: 1 | D164: 0.05 | E164: 0.05 | F164: 1.1 | G164: 0 | H164: 2.7 | I164: 9 | J164: 0 | K164: / | L164: /
A165: 936071 | B165: 'TGOV1' | C165: 1 | D165: 0.05 | E165: 0.05 | F165: 1.1 | G165: 0 | H165: 2.7 | I165: 9 | J165: 0 | K165: / | L165: /
A166: 936072 | B166: 'TGOV1' | C166: 1 | D166: 0.05 | E166: 0.05 | F166: 1.1 | G166: 0 | H166: 2.7 | I166: 9 | J166: 0 | K166: / | L166: /
A167: 936073 | B167: 'TGOV1' | C167: 1 | D167: 0.05 | E167: 0.05 | F167: 1.1 | G167: 0 | H167: 2.7 | I167: 9 | J167: 0 | K167: / | L167: /
A168: 937001 | B168: 'HYGOV' | C168: 1 | D168: 0.06 | E168: 0.4 | F168: 3 | G168: 0.099 | H168: 0.4 | I168: 0.15 | J168: 1 | K168: 0.1 | L168: 1.35 | M168: 1.4 | N168: 0.1 | O168: 0.1 | P168: / | Q168: /
A169: 937001 | B169: 'HYGOV' | C169: 2 | D169: 0.06 | E169: 0.4 | F169: 3 | G169: 0.099 | H169: 0.4 | I169: 0.15 | J169: 1 | K169: 0.1 | L169: 1.35 | M169: 1.4 | N169: 0.1 | O169: 0.1 | P169: / | Q169: /
A170: 937002 | B170: 'HYGOV' | C170: 1 | D170: 0.06 | E170: 0.4 | F170: 3 | G170: 0.099 | H170: 0.4 | I170: 0.15 | J170: 1 | K170: 0.1 | L170: 1.35 | M170: 1.4 | N170: 0.1 | O170: 0.1 | P170: / | Q170: /
A171: 937011 | B171: 'HYGOV' | C171: 1 | D171: 0.06 | E171: 0.4 | F171: 3 | G171: 0.099 | H171: 0.4 | I171: 0.15 | J171: 1 | K171: 0.1 | L171: 1.35 | M171: 1.4 | N171: 0.1 | O171: 0.1 | P171: / | Q171: /
A172: 937021 | B172: 'HYGOV' | C172: 1 | D172: 0.06 | E172: 0.4 | F172: 3 | G172: 0.099 | H172: 0.4 | I172: 0.15 | J172: 1 | K172: 0.1 | L172: 1.35 | M172: 1.4 | N172: 0.1 | O172: 0.1 | P172: / | Q172: /
A173: 937031 | B173: 'HYGOV' | C173: 1 | D173: 0.03 | E173: 0.18 | F173: 6.64 | G173: 0.05 | H173: 0.5 | I173: 0.15 | J173: 1 | K173: 0 | L173: 1.66 | M173: 1.41 | N173: 0.499 | O173: 0.06 | P173: / | Q173: /
A174: 937041 | B174: 'HYGOV' | C174: 1 | D174: 0.06 | E174: 0.4 | F174: 3 | G174: 0.099 | H174: 0.4 | I174: 0.15 | J174: 1 | K174: 0.1 | L174: 1.35 | M174: 1.4 | N174: 0.1 | O174: 0.1 | P174: / | Q174: /
A175: 937051 | B175: 'HYGOV' | C175: 1 | D175: 0.06 | E175: 0.4 | F175: 3 | G175: 0.099 | H175: 0.4 | I175: 0.15 | J175: 1 | K175: 0.1 | L175: 1.35 | M175: 1.4 | N175: 0.1 | O175: 0.1 | P175: / | Q175: /
A176: 937061 | B176: 'TGOV1' | C176: 1 | D176: 0.05 | E176: 0.05 | F176: 0.9 | G176: 0.3 | H176: 3 | I176: 9 | J176: 0 | K176: / | L176: /
A177: 937062 | B177: 'TGOV1' | C177: 1 | D177: 0.05 | E177: 0.05 | F177: 0.9 | G177: 0.3 | H177: 3 | I177: 9 | J177: 0 | K177: / | L177: /
A178: 937063 | B178: 'TGOV1' | C178: 1 | D178: 0.05 | E178: 0.05 | F178: 0.9 | G178: 0.3 | H178: 3 | I178: 9 | J178: 0 | K178: / | L178: /
A179: 937064 | B179: 'TGOV1' | C179: 1 | D179: 0.05 | E179: 0.05 | F179: 0.9 | G179: 0.3 | H179: 3 | I179: 9 | J179: 0 | K179: / | L179: /
A180: 938011 | B180: 'TGOV1' | C180: 1 | D180: 0.05 | E180: 0.05 | F180: 0.9 | G180: 0.3 | H180: 3 | I180: 9 | J180: 0 | K180: / | L180: /
A181: 938012 | B181: 'TGOV1' | C181: 1 | D181: 0.05 | E181: 0.05 | F181: 0.9 | G181: 0.3 | H181: 3 | I181: 9 | J181: 0 | K181: / | L181: /
A182: 938021 | B182: 'TGOV1' | C182: 1 | D182: 0.05 | E182: 0.05 | F182: 0.9 | G182: 0.3 | H182: 3 | I182: 9 | J182: 0 | K182: / | L182: /
A183: 938022 | B183: 'TGOV1' | C183: 1 | D183: 0.05 | E183: 0.05 | F183: 0.9 | G183: 0.3 | H183: 3 | I183: 9 | J183: 0 | K183: / | L183: /
A184: 938031 | B184: 'HYGOV' | C184: 1 | D184: 0.03 | E184: 1.5 | F184: 8 | G184: 0.05 | H184: 0.5 | I184: 0.15 | J184: 1 | K184: 0.1 | L184: 1.3 | M184: 1.4 | N184: 0.1 | O184: 0.1 | P184: / | Q184: /
A185: 938032 | B185: 'HYGOV' | C185: 1 | D185: 0.03 | E185: 1.5 | F185: 8 | G185: 0.05 | H185: 0.5 | I185: 0.15 | J185: 1 | K185: 0.1 | L185: 1.3 | M185: 1.4 | N185: 0.1 | O185: 0.1 | P185: / | Q185: /
A186: 938071 | B186: 'TGOV1' | C186: 1 | D186: 0.05 | E186: 0.05 | F186: 0.9 | G186: 0.3 | H186: 3 | I186: 9 | J186: 0 | K186: / | L186: /
A187: 950011 | B187: 'TGOV1' | C187: 1 | D187: 0.05 | E187: 0.05 | F187: 0.9 | G187: 0.3 | H187: 3 | I187: 9 | J187: 0 | K187: / | L187: /
A188: 950012 | B188: 'TGOV1' | C188: 1 | D188: 0.05 | E188: 0.05 | F188: 0.9 | G188: 0.3 | H188: 3 | I188: 9 | J188: 0 | K188: / | L188: /
A189: 950021 | B189: 'TGOV1' | C189: 1 | D189: 0.05 | E189: 0.05 | F189: 0.9 | G189: 0.3 | H189: 3 | I189: 9 | J189: 0 | K189: / | L189: /
A190: 950022 | B190: 'TGOV1' | C190: 1 | D190: 0.05 | E190: 0.05 | F190: 0.9 | G190: 0.3 | H190: 3 | I190: 9 | J190: 0 | K190: / | L190: /
A191: 951011 | B191: 'HYGOV' | C191: 1 | D191: 0.06 | E191: 0.4 | F191: 3 | G191: 0.099 | H191: 0.4 | I191: 0.15 | J191: 1 | K191: 0.1 | L191: 1.35 | M191: 1.4 | N191: 0.1 | O191: 0.1 | P191: / | Q191: /
A192: 951012 | B192: 'HYGOV' | C192: 1 | D192: 0.06 | E192: 0.4 | F192: 3 | G192: 0.099 | H192: 0.4 | I192: 0.15 | J192: 1 | K192: 0.1 | L192: 1.35 | M192: 1.4 | N192: 0.1 | O192: 0.1 | P192: / | Q192: /
A193: 951013 | B193: 'TGOV1' | C193: 1 | D193: 0.03 | E193: 0.499 | F193: 1 | G193: 0 | H193: 4 | I193: 9 | J193: 0.1 | K193: / | L193: /
A194: 951021 | B194: 'TGOV1' | C194: 1 | D194: 0.05 | E194: 0.05 | F194: 0.9 | G194: 0.3 | H194: 3 | I194: 9 | J194: 0 | K194: / | L194: /
A195: 951022 | B195: 'TGOV1' | C195: 1 | D195: 0.05 | E195: 0.05 | F195: 0.9 | G195: 0.3 | H195: 3 | I195: 9 | J195: 0 | K195: / | L195: /
A196: 951024 | B196: 'TGOV1' | C196: 1 | D196: 0.05 | E196: 0.05 | F196: 0.9 | G196: 0.3 | H196: 3 | I196: 9 | J196: 0 | K196: / | L196: /
A197: 951031 | B197: 'HYGOV' | C197: 1 | D197: 0.06 | E197: 0.4 | F197: 3 | G197: 0.099 | H197: 0.4 | I197: 0.15 | J197: 1 | K197: 0.1 | L197: 1.35 | M197: 1.4 | N197: 0.1 | O197: 0.1 | P197: / | Q197: /
A198: 951032 | B198: 'HYGOV' | C198: 1 | D198: 0.06 | E198: 0.4 | F198: 3 | G198: 0.099 | H198: 0.4 | I198: 0.15 | J198: 1 | K198: 0.1 | L198: 1.35 | M198: 1.4 | N198: 0.1 | O198: 0.1 | P198: / | Q198: /
A199: 952011 | B199: 'HYGOV' | C199: 1 | D199: 0.03 | E199: 0.18 | F199: 6.64 | G199: 0.05 | H199: 0.5 | I199: 0.15 | J199: 1 | K199: 0 | L199: 1.66 | M199: 1.41 | N199: 0.499 | O199: 0.06 | P199: / | Q199: /
A200: 953021 | B200: 'HYGOV' | C200: 1 | D200: 0.06 | E200: 0.4 | F200: 3 | G200: 0.099 | H200: 0.4 | I200: 0.15 | J200: 1 | K200: 0.1 | L200: 1.35 | M200: 1.4 | N200: 0.1 | O200: 0.1 | P200: / | Q200: /
A201: 953031 | B201: 'HYGOV' | C201: 1 | D201: 0.06 | E201: 0.4 | F201: 3 | G201: 0.099 | H201: 0.4 | I201: 0.15 | J201: 1 | K201: 0.1 | L201: 1.35 | M201: 1.4 | N201: 0.1 | O201: 0.1 | P201: / | Q201: /
A202: 953041 | B202: 'HYGOV' | C202: 1 | D202: 0.06 | E202: 0.4 | F202: 3 | G202: 0.099 | H202: 0.4 | I202: 0.15 | J202: 1 | K202: 0.1 | L202: 1.35 | M202: 1.4 | N202: 0.1 | O202: 0.1 | P202: / | Q202: /
A203: 954001 | B203: 'HYGOV' | C203: 1 | D203: 0.03 | E203: 0.18 | F203: 6.64 | G203: 0.05 | H203: 0.5 | I203: 0.15 | J203: 1 | K203: 0 | L203: 1.66 | M203: 1.41 | N203: 0.499 | O203: 0.06 | P203: / | Q203: /
...

Sheet PSS0
A1: 113015 | B1: 'PSS2A' | C1: 1 | D1: 1 | E1: 0 | F1: 3 | G1: 0 | H1: 5 | I1: 1 | J1: 2.5 | K1: 2.5 | L1: 0 | M1: 2.5 | N1: 0 | O1: 2.5 | P1: 0.39 | Q1: 1 | R1: 0 | S1: 0.1 | T1: 6.5 | U1: 0.44 | V1: 0.08 | W1: 0.2 | X1: 0.98 | Y1: 0.1 | Z1: -0.1 | AA1: /
A2: 113017 | B2: 'PSS2A' | C2: 1 | D2: 1 | E2: 0 | F2: 3 | G2: 0 | H2: 5 | I2: 1 | J2: 2.5 | K2: 2.5 | L2: 0 | M2: 2.5 | N2: 0 | O2: 2.5 | P2: 0.39 | Q2: 1 | R2: 0 | S2: 0.1 | T2: 6.5 | U2: 0.44 | V2: 0.08 | W2: 0.2 | X2: 0.98 | Y2: 0.1 | Z2: -0.1 | AA2: /
A3: 126047 | B3: 'PSS2A' | C3: 1 | D3: 1 | E3: 0 | F3: 3 | G3: 0 | H3: 5 | I3: 1 | J3: 2.5 | K3: 2.5 | L3: 0 | M3: 2.5 | N3: 0 | O3: 2.5 | P3: 0.39 | Q3: 1 | R3: 0 | S3: 0.1 | T3: 6.5 | U3: 0.44 | V3: 0.08 | W3: 0.2 | X3: 0.98 | Y3: 0.1 | Z3: -0.1 | AA3: /
A4: 213019 | B4: 'PSS2A' | C4: 1 | D4: 1 | E4: 0 | F4: 3 | G4: 0 | H4: 5 | I4: 1 | J4: 2.5 | K4: 2.5 | L4: 0 | M4: 2.5 | N4: 0 | O4: 2.5 | P4: 0.39 | Q4: 1 | R4: 0 | S4: 0.1 | T4: 6.5 | U4: 0.44 | V4: 0.08 | W4: 0.2 | X4: 0.98 | Y4: 0.1 | Z4: -0.1 | AA4: /
A5: 213021 | B5: 'PSS2A' | C5: 1 | D5: 1 | E5: 0 | F5: 3 | G5: 0 | H5: 5 | I5: 1 | J5: 2.5 | K5: 2.5 | L5: 0 | M5: 2.5 | N5: 0 | O5: 2.5 | P5: 0.39 | Q5: 1 | R5: 0 | S5: 0.1 | T5: 6.5 | U5: 0.44 | V5: 0.08 | W5: 0.2 | X5: 0.98 | Y5: 0.1 | Z5: -0.1 | AA5: /
A6: 213031 | B6: 'PSS2A' | C6: 1 | D6: 1 | E6: 0 | F6: 3 | G6: 0 | H6: 5 | I6: 1 | J6: 2.5 | K6: 2.5 | L6: 0 | M6: 2.5 | N6: 0 | O6: 2.5 | P6: 0.39 | Q6: 1 | R6: 0 | S6: 0.1 | T6: 6.5 | U6: 0.44 | V6: 0.08 | W6: 0.2 | X6: 0.98 | Y6: 0.1 | Z6: -0.1 | AA6: /
A7: 213041 | B7: 'PSS2A' | C7: 1 | D7: 1 | E7: 0 | F7: 3 | G7: 0 | H7: 5 | I7: 1 | J7: 2.5 | K7: 2.5 | L7: 0 | M7: 2.5 | N7: 0 | O7: 2.5 | P7: 0.39 | Q7: 1 | R7: 0 | S7: 0.1 | T7: 6.5 | U7: 0.44 | V7: 0.08 | W7: 0.2 | X7: 0.98 | Y7: 0.1 | Z7: -0.1 | AA7: /
A8: 213051 | B8: 'PSS2A' | C8: 1 | D8: 1 | E8: 0 | F8: 3 | G8: 0 | H8: 5 | I8: 1 | J8: 2.5 | K8: 2.5 | L8: 0 | M8: 2.5 | N8: 0 | O8: 2.5 | P8: 0.39 | Q8: 1 | R8: 0 | S8: 0.1 | T8: 6.5 | U8: 0.44 | V8: 0.08 | W8: 0.2 | X8: 0.98 | Y8: 0.1 | Z8: -0.1 | AA8: /
A9: 216011 | B9: 'PSS2A' | C9: 1 | D9: 1 | E9: 0 | F9: 3 | G9: 0 | H9: 5 | I9: 1 | J9: 2.5 | K9: 2.5 | L9: 0 | M9: 2.5 | N9: 0 | O9: 2.5 | P9: 0.39 | Q9: 1 | R9: 0 | S9: 0.1 | T9: 6.5 | U9: 0.44 | V9: 0.08 | W9: 0.2 | X9: 0.98 | Y9: 0.1 | Z9: -0.1 | AA9: /
A10: 821012 | B10: 'PSS2A' | C10: 1 | D10: 1 | E10: 0 | F10: 3 | G10: 0 | H10: 5 | I10: 1 | J10: 2.5 | K10: 2.5 | L10: 0 | M10: 2.5 | N10: 0 | O10: 2.5 | P10: 0.39 | Q10: 1 | R10: 0 | S10: 0.1 | T10: 6.5 | U10: 0.44 | V10: 0.08 | W10: 0.2 | X10: 0.98 | Y10: 0.1 | Z10: -0.1 | AA10: /
A11: 910011 | B11: 'PSS2A' | C11: 1 | D11: 1 | E11: 0 | F11: 3 | G11: 0 | H11: 5 | I11: 1 | J11: 2.5 | K11: 2.5 | L11: 0 | M11: 2.5 | N11: 0 | O11: 2.5 | P11: 0.39 | Q11: 1 | R11: 0 | S11: 0.1 | T11: 6.5 | U11: 0.44 | V11: 0.08 | W11: 0.2 | X11: 0.98 | Y11: 0.1 | Z11: -0.1 | AA11: /
A12: 912011 | B12: 'PSS2A' | C12: 1 | D12: 1 | E12: 0 | F12: 3 | G12: 0 | H12: 5 | I12: 1 | J12: 2.5 | K12: 2.5 | L12: 0 | M12: 2.5 | N12: 0 | O12: 2.5 | P12: 0.39 | Q12: 1 | R12: 0 | S12: 0.1 | T12: 6.5 | U12: 0.44 | V12: 0.08 | W12: 0.2 | X12: 0.98 | Y12: 0.1 | Z12: -0.1 | AA12: /
... A682: 918010 | B682: 'PSS2A' | C682: 1 | D682: 1 | E682: 0 | F682: 3 | G682: 0 | H682: 5 | I682: 1 | J682: 2.5 | K682: 2.5 | L682: 0 | M682: 2.5 | N682: 0 | O682: 2.5 | P682: 0.39 | Q682: 1 | R682: 0 | S682: 0.1 | T682: 6.5 | U682: 0.44 | V682: 0.08 | W682: 0.2 | X682: 0.98 | Y682: 0.1 | Z682: -0.1 | AA682: /

Sheet PSSE
A1: IBUS | B1: NAME | C1: ID MACHINE | D1: VOLTAGE | E1: PMAX | F1: TYPE PLANT | G1: TYPE DYR | H1: INDEX | I1: COUNT
D2: (kV) | E2: (MW)
A3: 113015 | B3: HAKHAU1 | C3: 1 | D3: 110 | E3: 150 | F3: TQ | G3: 1 | H3: ="GEN"&D3&E3&F3&G3 -> GEN110150TQ1 | I3: =COUNTIF(Data!$G$3:$BA$2935,$H3) -> 1
A4: 113017 | B4: MAOMAOTIAO1 | C4: 1 | D4: 110 | E4: 150 | F4: TQ | G4: 1 | H4: ="GEN"&D4&E4&F4&G4 -> GEN110150TQ1 | I4: =COUNTIF(Data!$G$3:$BA$2935,$H4) -> 1
A5: 126047 | B5: THAMCAU1 | C5: 1 | D5: 110 | E5: 150 | F5: TQ | G5: 1 | H5: ="GEN"&D5&E5&F5&G5 -> GEN110150TQ1 | I5: =COUNTIF(Data!$G$3:$BA$2935,$H5) -> 1
A6: 151019 | B6: TD_NHO | C6: 1 | D6: 110 | E6: 10 | F6: TQ | G6: 1 | H6: ="GEN"&D6&E6&F6&G6 -> GEN11010TQ1 | I6: =COUNTIF(Data!$G$3:$BA$2935,$H6) -> 0
A7: 151027 | B7: VANXA | C7: 1 | D7: 110 | E7: 25 | F7: TQ | G7: 1 | H7: ="GEN"&D7&E7&F7&G7 -> GEN11025TQ1 | I7: =COUNTIF(Data!$G$3:$BA$2935,$H7) -> 0
A8: 151028 | B8: DONGLAM | C8: 1 | D8: 110 | E8: 27 | F8: TQ | G8: 1 | H8: ="GEN"&D8&E8&F8&G8 -> GEN11027TQ1 | I8: =COUNTIF(Data!$G$3:$BA$2935,$H8) -> 0
A9: 152027 | B9: TD_TATRACH | C9: 1 | D9: 110 | E9: 13 | F9: TQ | G9: 1 | H9: ="GEN"&D9&E9&F9&G9 -> GEN11013TQ1 | I9: =COUNTIF(Data!$G$3:$BA$2935,$H9) -> 0
A10: 213019 | B10: MAGUAN2 | C10: 1 | D10: 220 | E10: 300 | F10: TQ | G10: 1 | H10: ="GEN"&D10&E10&F10&G10 -> GEN220300TQ1 | I10: =COUNTIF(Data!$G$3:$BA$2935,$H10) -> 1
A11: 216011 | B11: TANKIEU2 | C11: 1 | D11: 220 | E11: 300 | F11: TQ | G11: 1 | H11: ="GEN"&D11&E11&F11&G11 -> GEN220300TQ1 | I11: =COUNTIF(Data!$G$3:$BA$2935,$H11) -> 1
A12: 451011 | B12: TD_QT_S1 | C12: 1 | D12: 13.8 | E12: 25 | F12: TQ | G12: 1 | H12: ="GEN"&D12&E12&F12&G12 -> GEN13.825TQ1 | I12: =COUNTIF(Data!$G$3:$BA$2935,$H12) -> 0
A13: 821012 | B13: SVC_VIETTRI4 | C13: 1 | D13: 23 | E13: 0 | F13: SVC | G13: 1 | H13: ="GEN"&D13&E13&F13&G13 -> GEN230SVC1 | I13: =COUNTIF(Data!$G$3:$BA$2935,$H13) -> 1
A14: 910011 | B14: BAOLAC_H1 | C14: 1 | D14: 15.8 | E14: 180 | F14: TD | G14: 1 | H14: ="GEN"&D14&E14&F14&G14 -> GEN15.8180TD1 | I14: =COUNTIF(Data!$G$3:$BA$2935,$H14) -> 1
... A597: 991025 | B597: CAMAU_S3 | C597: 1 | D597: 20 | E597: 253 | F597: ND | G597: 1 | H597: ="GEN"&D597&E597&F597&G597 -> GEN20253ND1 | I597: =COUNTIF(Data!$G$3:$BA$2935,$H597) -> 1

Sheet AVR
A2: =PSSE!A3 -> 113015 | B2: =PSSE!B3 -> HAKHAU1 | C2: =PSSE!D3 -> 110 | D2: =PSSE!E3 -> 150 | E2: =PSSE!F3 -> TQ | F2: =PSSE!G3 -> 1 | G2: ="AVR"&C2&D2&E2&F2 -> AVR110150TQ1 | H2: =COUNTIF(Data!$G$3:$BA$2935,AVR!$G2) -> 1 | I2: =IF($H2=0,"",VLOOKUP($G2,Data!$G$3:$BA$2935,2,FALSE)) -> 'ESST4B' | J2: =PSSE!C3 -> 1 | K2: =IF($H2=0,"",VLOOKUP($G2,Data!$G$3:$BA$2935,4,FALSE)) -> 0 | L2: =IF($H2=0,"",VLOOKUP($G2,Data!$G$3:$BA$2935,5,FALSE)) -> 15 | M2: =IF($H2=0,"",VLOOKUP($G2,Data!$G$3:$BA$2935,6,FALSE)) -> 15 | N2: =IF($H2=0,"",VLOOKUP($G2,Data!$G$3:$BA$2935,7,FALSE)) -> 5 | O2: =IF($H2=0,"",VLOOKUP($G2,Data!$G$3:$BA$2935,8,FALSE)) -> -0.87 | P2: =IF($H2=0,"",VLOOKUP($G2,Data!$G$3:$BA$2935,9,FALSE)) -> 0 | Q2: =IF($H2=0,"",VLOOKUP($G2,Data!$G$3:$BA$2935,10,FALSE)) -> 1 | R2: =IF($H2=0,"",VLOOKUP($G2,Data!$G$3:$BA$2935,11,FALSE)) -> 0 | S2: =IF($H2=0,"",VLOOKUP($G2,Data!$G$3:$BA$2935,12,FALSE)) -> 99 | T2: =IF($H2=0,"",VLOOKUP($G2,Data!$G$3:$BA$2935,13,FALSE)) -> -99 | U2: =IF($H2=0,"",VLOOKUP($G2,Data!$G$3:$BA$2935,14,FALSE)) -> 0 | V2: =IF($H2=0,"",VLOOKUP($G2,Data!$G$3:$BA$2935,15,FALSE)) -> 9.3 | W2: =IF($H2=0,"",VLOOKUP($G2,Data!$G$3:$BA$2935,16,FALSE)) -> 0 | X2: =IF($H2=0,"",VLOOKUP($G2,Data!$G$3:$BA$2935,17,FALSE)) -> 11.63 | Y2: =IF($H2=0,"",VLOOKUP($G2,Data!$G$3:$BA$2935,18,FALSE)) -> 0.113 | Z2: =IF($H2=0,"",VLOOKUP($G2,Data!$G$3:$BA$2935,19,FALSE)) -> 0.124 | AA2: =IF($H2=0,"",VLOOKUP($G2,Data!$G$3:$BA$2935,20,FALSE)) -> 0 | AB2: =IF($H2=0,"",VLOOKUP($G2,Data!$G$3:$BA$2935,21,FALSE)) -> / | AC2: =IF($H2=0,"",VLOOKUP($G2,Data!$G$3:$BA$2935,22,FALSE)) -> / | AD2: =IF($H2=0,"",VLOOKUP($G2,Data!$G$3:$BA$2935,23,FALSE)) | AE2: =IF($H2=0,"",VLOOKUP($G2,Data!$G$3:$BA$2935,24,FALSE)) | AF2: =IF($H2=0,"",VLOOKUP($G2,Data!$G$3:$BA$2935,25,FALSE)) | AG2: =IF($H2=0,"",VLOOKUP($G2,Data!$G$3:$BA$2935,26,FALSE)) | AH2: =IF($H2=0,"",VLOOKUP($G2,Data!$G$3:$BA$2935,27,FALSE)) | AI2: =IF($H2=0,"",VLOOKUP($G2,Data!$G$3:$BA$2935,28,FALSE)) | AJ2: =IF($H2=0,"",VLOOKUP($G2,Data!$G$3:$BA$2935,29,FALSE)) | AK2: =IF($H2=0,"",VLOOKUP($G2,Data!$G$3:$BA$2935,30,FALSE)) | AL2: =IF($H2=0,"",VLOOKUP($G2,Data!$G$3:$BA$2935,31,FALSE)) | AM2: =IF($H2=0,"",VLOOKUP($G2,Data!$G$3:$BA$2935,32,FALSE)) | AN2: =IF($H2=0,"",VLOOKUP($G2,Data!$G$3:$BA$2935,33,FALSE)) | AO2: =IF($H2=0,"",VLOOKUP($G2,Data!$G$3:$BA$2935,34,FALSE)) | AP2: =IF($H2=0,"",VLOOKUP($G2,Data!$G$3:$BA$2935,35,FALSE)) | AQ2: =IF($H2=0,"",VLOOKUP($G2,Data!$G$3:$BA$2935,36,FALSE)) | AR2: =IF($H2=0,"",VLOOKUP($G2,Data!$G$3:$BA$2935,37,FALSE)) | AS2: =IF($H2=0,"",VLOOKUP($G2,Data!$G$3:$BA$2935,38,FALSE)) | AT2: =IF($H2=0,"",VLOOKUP($G2,Data!$G$3:$BA$2935,39,FALSE))
A3: =PSSE!A4 -> 113017 | B3: =PSSE!B4 -> MAOMAOTIAO1 | C3: =PSSE!D4 -> 110 | D3: =PSSE!E4 -> 150 | E3: =PSSE!F4 -> TQ | F3: =PSSE!G4 -> 1 | G3: ="AVR"&C3&D3&E3&F3 -> AVR110150TQ1 | H3: =COUNTIF(Data!$G$3:$BA$2935,AVR!$G3) -> 1 | I3: =IF($H3=0,"",VLOOKUP($G3,Data!$G$3:$BA$2935,2,FALSE)) -> 'ESST4B' | J3: =PSSE!C4 -> 1 | K3: =IF($H3=0,"",VLOOKUP($G3,Data!$G$3:$BA$2935,4,FALSE)) -> 0 | L3: =IF($H3=0,"",VLOOKUP($G3,Data!$G$3:$BA$2935,5,FALSE)) -> 15 | M3: =IF($H3=0,"",VLOOKUP($G3,Data!$G$3:$BA$2935,6,FALSE)) -> 15 | N3: =IF($H3=0,"",VLOOKUP($G3,Data!$G$3:$BA$2935,7,FALSE)) -> 5 | O3: =IF($H3=0,"",VLOOKUP($G3,Data!$G$3:$BA$2935,8,FALSE)) -> -0.87 | P3: =IF($H3=0,"",VLOOKUP($G3,Data!$G$3:$BA$2935,9,FALSE)) -> 0 | Q3: =IF($H3=0,"",VLOOKUP($G3,Data!$G$3:$BA$2935,10,FALSE)) -> 1 | R3: =IF($H3=0,"",VLOOKUP($G3,Data!$G$3:$BA$2935,11,FALSE)) -> 0 | S3: =IF($H3=0,"",VLOOKUP($G3,Data!$G$3:$BA$2935,12,FALSE)) -> 99 | T3: =IF($H3=0,"",VLOOKUP($G3,Data!$G$3:$BA$2935,13,FALSE)) -> -99 | U3: =IF($H3=0,"",VLOOKUP($G3,Data!$G$3:$BA$2935,14,FALSE)) -> 0 | V3: =IF($H3=0,"",VLOOKUP($G3,Data!$G$3:$BA$2935,15,FALSE)) -> 9.3 | W3: =IF($H3=0,"",VLOOKUP($G3,Data!$G$3:$BA$2935,16,FALSE)) -> 0 | X3: =IF($H3=0,"",VLOOKUP($G3,Data!$G$3:$BA$2935,17,FALSE)) -> 11.63 | Y3: =IF($H3=0,"",VLOOKUP($G3,Data!$G$3:$BA$2935,18,FALSE)) -> 0.113 | Z3: =IF($H3=0,"",VLOOKUP($G3,Data!$G$3:$BA$2935,19,FALSE)) -> 0.124 | AA3: =IF($H3=0,"",VLOOKUP($G3,Data!$G$3:$BA$2935,20,FALSE)) -> 0 | AB3: =IF($H3=0,"",VLOOKUP($G3,Data!$G$3:$BA$2935,21,FALSE)) -> / | AC3: =IF($H3=0,"",VLOOKUP($G3,Data!$G$3:$BA$2935,22,FALSE)) -> / | AD3: =IF($H3=0,"",VLOOKUP($G3,Data!$G$3:$BA$2935,23,FALSE)) | AE3: =IF($H3=0,"",VLOOKUP($G3,Data!$G$3:$BA$2935,24,FALSE)) | AF3: =IF($H3=0,"",VLOOKUP($G3,Data!$G$3:$BA$2935,25,FALSE)) | AG3: =IF($H3=0,"",VLOOKUP($G3,Data!$G$3:$BA$2935,26,FALSE)) | AH3: =IF($H3=0,"",VLOOKUP($G3,Data!$G$3:$BA$2935,27,FALSE)) | AI3: =IF($H3=0,"",VLOOKUP($G3,Data!$G$3:$BA$2935,28,FALSE)) | AJ3: =IF($H3=0,"",VLOOKUP($G3,Data!$G$3:$BA$2935,29,FALSE)) | AK3: =IF($H3=0,"",VLOOKUP($G3,Data!$G$3:$BA$2935,30,FALSE)) | AL3: =IF($H3=0,"",VLOOKUP($G3,Data!$G$3:$BA$2935,31,FALSE)) | AM3: =IF($H3=0,"",VLOOKUP($G3,Data!$G$3:$BA$2935,32,FALSE)) | AN3: =IF($H3=0,"",VLOOKUP($G3,Data!$G$3:$BA$2935,33,FALSE)) | AO3: =IF($H3=0,"",VLOOKUP($G3,Data!$G$3:$BA$2935,34,FALSE)) | AP3: =IF($H3=0,"",VLOOKUP($G3,Data!$G$3:$BA$2935,35,FALSE)) | AQ3: =IF($H3=0,"",VLOOKUP($G3,Data!$G$3:$BA$2935,36,FALSE)) | AR3: =IF($H3=0,"",VLOOKUP($G3,Data!$G$3:$BA$2935,37,FALSE)) | AS3: =IF($H3=0,"",VLOOKUP($G3,Data!$G$3:$BA$2935,38,FALSE)) | AT3: =IF($H3=0,"",VLOOKUP($G3,Data!$G$3:$BA$2935,39,FALSE))
A4: =PSSE!A11 -> 216011 | B4: =PSSE!B11 -> TANKIEU2 | C4: =PSSE!D11 -> 220 | D4: =PSSE!E11 -> 300 | E4: =PSSE!F11 -> TQ | F4: =PSSE!G11 -> 1 | G4: ="AVR"&C4&D4&E4&F4 -> AVR220300TQ1 | H4: =COUNTIF(Data!$G$3:$BA$2935,AVR!$G4) -> 1 | I4: =IF($H4=0,"",VLOOKUP($G4,Data!$G$3:$BA$2935,2,FALSE)) -> 'ESST4B' | J4: =PSSE!C11 -> 1 | K4: =IF($H4=0,"",VLOOKUP($G4,Data!$G$3:$BA$2935,4,FALSE)) -> 0 | L4: =IF($H4=0,"",VLOOKUP($G4,Data!$G$3:$BA$2935,5,FALSE)) -> 15 | M4: =IF($H4=0,"",VLOOKUP($G4,Data!$G$3:$BA$2935,6,FALSE)) -> 15 | N4: =IF($H4=0,"",VLOOKUP($G4,Data!$G$3:$BA$2935,7,FALSE)) -> 5 | O4: =IF($H4=0,"",VLOOKUP($G4,Data!$G$3:$BA$2935,8,FALSE)) -> -0.87 | P4: =IF($H4=0,"",VLOOKUP($G4,Data!$G$3:$BA$2935,9,FALSE)) -> 0 | Q4: =IF($H4=0,"",VLOOKUP($G4,Data!$G$3:$BA$2935,10,FALSE)) -> 1 | R4: =IF($H4=0,"",VLOOKUP($G4,Data!$G$3:$BA$2935,11,FALSE)) -> 0 | S4: =IF($H4=0,"",VLOOKUP($G4,Data!$G$3:$BA$2935,12,FALSE)) -> 99 | T4: =IF($H4=0,"",VLOOKUP($G4,Data!$G$3:$BA$2935,13,FALSE)) -> -99 | U4: =IF($H4=0,"",VLOOKUP($G4,Data!$G$3:$BA$2935,14,FALSE)) -> 0 | V4: =IF($H4=0,"",VLOOKUP($G4,Data!$G$3:$BA$2935,15,FALSE)) -> 9.3 | W4: =IF($H4=0,"",VLOOKUP($G4,Data!$G$3:$BA$2935,16,FALSE)) -> 0 | X4: =IF($H4=0,"",VLOOKUP($G4,Data!$G$3:$BA$2935,17,FALSE)) -> 11.63 | Y4: =IF($H4=0,"",VLOOKUP($G4,Data!$G$3:$BA$2935,18,FALSE)) -> 0.113 | Z4: =IF($H4=0,"",VLOOKUP($G4,Data!$G$3:$BA$2935,19,FALSE)) -> 0.124 | AA4: =IF($H4=0,"",VLOOKUP($G4,Data!$G$3:$BA$2935,20,FALSE)) -> 0 | AB4: =IF($H4=0,"",VLOOKUP($G4,Data!$G$3:$BA$2935,21,FALSE)) -> / | AC4: =IF($H4=0,"",VLOOKUP($G4,Data!$G$3:$BA$2935,22,FALSE)) -> / | AD4: =IF($H4=0,"",VLOOKUP($G4,Data!$G$3:$BA$2935,23,FALSE)) | AE4: =IF($H4=0,"",VLOOKUP($G4,Data!$G$3:$BA$2935,24,FALSE)) | AF4: =IF($H4=0,"",VLOOKUP($G4,Data!$G$3:$BA$2935,25,FALSE)) | AG4: =IF($H4=0,"",VLOOKUP($G4,Data!$G$3:$BA$2935,26,FALSE)) | AH4: =IF($H4=0,"",VLOOKUP($G4,Data!$G$3:$BA$2935,27,FALSE)) | AI4: =IF($H4=0,"",VLOOKUP($G4,Data!$G$3:$BA$2935,28,FALSE)) | AJ4: =IF($H4=0,"",VLOOKUP($G4,Data!$G$3:$BA$2935,29,FALSE)) | AK4: =IF($H4=0,"",VLOOKUP($G4,Data!$G$3:$BA$2935,30,FALSE)) | AL4: =IF($H4=0,"",VLOOKUP($G4,Data!$G$3:$BA$2935,31,FALSE)) | AM4: =IF($H4=0,"",VLOOKUP($G4,Data!$G$3:$BA$2935,32,FALSE)) | AN4: =IF($H4=0,"",VLOOKUP($G4,Data!$G$3:$BA$2935,33,FALSE)) | AO4: =IF($H4=0,"",VLOOKUP($G4,Data!$G$3:$BA$2935,34,FALSE)) | AP4: =IF($H4=0,"",VLOOKUP($G4,Data!$G$3:$BA$2935,35,FALSE)) | AQ4: =IF($H4=0,"",VLOOKUP($G4,Data!$G$3:$BA$2935,36,FALSE)) | AR4: =IF($H4=0,"",VLOOKUP($G4,Data!$G$3:$BA$2935,37,FALSE)) | AS4: =IF($H4=0,"",VLOOKUP($G4,Data!$G$3:$BA$2935,38,FALSE)) | AT4: =IF($H4=0,"",VLOOKUP($G4,Data!$G$3:$BA$2935,39,FALSE))
A5: =PSSE!A14 -> 910011 | B5: =PSSE!B14 -> BAOLAC_H1 | C5: =PSSE!D14 -> 15.8 | D5: =PSSE!E14 -> 180 | E5: =PSSE!F14 -> TD | F5: =PSSE!G14 -> 1 | G5: ="AVR"&C5&D5&E5&F5 -> AVR15.8180TD1 | H5: =COUNTIF(Data!$G$3:$BA$2935,AVR!$G5) -> 1 | I5: =IF($H5=0,"",VLOOKUP($G5,Data!$G$3:$BA$2935,2,FALSE)) -> 'ESST4B' | J5: =PSSE!C14 -> 1 | K5: =IF($H5=0,"",VLOOKUP($G5,Data!$G$3:$BA$2935,4,FALSE)) -> 0 | L5: =IF($H5=0,"",VLOOKUP($G5,Data!$G$3:$BA$2935,5,FALSE)) -> 10.75 | M5: =IF($H5=0,"",VLOOKUP($G5,Data!$G$3:$BA$2935,6,FALSE)) -> 10.75 | N5: =IF($H5=0,"",VLOOKUP($G5,Data!$G$3:$BA$2935,7,FALSE)) -> 5 | O5: =IF($H5=0,"",VLOOKUP($G5,Data!$G$3:$BA$2935,8,FALSE)) -> -0.87 | P5: =IF($H5=0,"",VLOOKUP($G5,Data!$G$3:$BA$2935,9,FALSE)) -> 0 | Q5: =IF($H5=0,"",VLOOKUP($G5,Data!$G$3:$BA$2935,10,FALSE)) -> 1 | R5: =IF($H5=0,"",VLOOKUP($G5,Data!$G$3:$BA$2935,11,FALSE)) -> 0 | S5: =IF($H5=0,"",VLOOKUP($G5,Data!$G$3:$BA$2935,12,FALSE)) -> 99 | T5: =IF($H5=0,"",VLOOKUP($G5,Data!$G$3:$BA$2935,13,FALSE)) -> -99 | U5: =IF($H5=0,"",VLOOKUP($G5,Data!$G$3:$BA$2935,14,FALSE)) -> 0 | V5: =IF($H5=0,"",VLOOKUP($G5,Data!$G$3:$BA$2935,15,FALSE)) -> 9.3 | W5: =IF($H5=0,"",VLOOKUP($G5,Data!$G$3:$BA$2935,16,FALSE)) -> 0 | X5: =IF($H5=0,"",VLOOKUP($G5,Data!$G$3:$BA$2935,17,FALSE)) -> 11.63 | Y5: =IF($H5=0,"",VLOOKUP($G5,Data!$G$3:$BA$2935,18,FALSE)) -> 0.113 | Z5: =IF($H5=0,"",VLOOKUP($G5,Data!$G$3:$BA$2935,19,FALSE)) -> 0.124 | AA5: =IF($H5=0,"",VLOOKUP($G5,Data!$G$3:$BA$2935,20,FALSE)) -> 0 | AB5: =IF($H5=0,"",VLOOKUP($G5,Data!$G$3:$BA$2935,21,FALSE)) -> / | AC5: =IF($H5=0,"",VLOOKUP($G5,Data!$G$3:$BA$2935,22,FALSE)) -> / | AD5: =IF($H5=0,"",VLOOKUP($G5,Data!$G$3:$BA$2935,23,FALSE)) | AE5: =IF($H5=0,"",VLOOKUP($G5,Data!$G$3:$BA$2935,24,FALSE)) | AF5: =IF($H5=0,"",VLOOKUP($G5,Data!$G$3:$BA$2935,25,FALSE)) | AG5: =IF($H5=0,"",VLOOKUP($G5,Data!$G$3:$BA$2935,26,FALSE)) | AH5: =IF($H5=0,"",VLOOKUP($G5,Data!$G$3:$BA$2935,27,FALSE)) | AI5: =IF($H5=0,"",VLOOKUP($G5,Data!$G$3:$BA$2935,28,FALSE)) | AJ5: =IF($H5=0,"",VLOOKUP($G5,Data!$G$3:$BA$2935,29,FALSE)) | AK5: =IF($H5=0,"",VLOOKUP($G5,Data!$G$3:$BA$2935,30,FALSE)) | AL5: =IF($H5=0,"",VLOOKUP($G5,Data!$G$3:$BA$2935,31,FALSE)) | AM5: =IF($H5=0,"",VLOOKUP($G5,Data!$G$3:$BA$2935,32,FALSE)) | AN5: =IF($H5=0,"",VLOOKUP($G5,Data!$G$3:$BA$2935,33,FALSE)) | AO5: =IF($H5=0,"",VLOOKUP($G5,Data!$G$3:$BA$2935,34,FALSE)) | AP5: =IF($H5=0,"",VLOOKUP($G5,Data!$G$3:$BA$2935,35,FALSE)) | AQ5: =IF($H5=0,"",VLOOKUP($G5,Data!$G$3:$BA$2935,36,FALSE)) | AR5: =IF($H5=0,"",VLOOKUP($G5,Data!$G$3:$BA$2935,37,FALSE)) | AS5: =IF($H5=0,"",VLOOKUP($G5,Data!$G$3:$BA$2935,38,FALSE)) | AT5: =IF($H5=0,"",VLOOKUP($G5,Data!$G$3:$BA$2935,39,FALSE))
A6: =PSSE!A15 -> 910021 | B6: =PSSE!B15 -> BANRA1_S1 | C6: =PSSE!D15 -> 6.3 | D6: =PSSE!E15 -> 55 | E6: =PSSE!F15 -> ND | F6: =PSSE!G15 -> 1 | G6: ="AVR"&C6&D6&E6&F6 -> AVR6.355ND1 | H6: =COUNTIF(Data!$G$3:$BA$2935,AVR!$G6) -> 1 | I6: =IF($H6=0,"",VLOOKUP($G6,Data!$G$3:$BA$2935,2,FALSE)) -> 'ESST4B' | J6: =PSSE!C15 -> 1 | K6: =IF($H6=0,"",VLOOKUP($G6,Data!$G$3:$BA$2935,4,FALSE)) -> 0 | L6: =IF($H6=0,"",VLOOKUP($G6,Data!$G$3:$BA$2935,5,FALSE)) -> 15 | M6: =IF($H6=0,"",VLOOKUP($G6,Data!$G$3:$BA$2935,6,FALSE)) -> 15 | N6: =IF($H6=0,"",VLOOKUP($G6,Data!$G$3:$BA$2935,7,FALSE)) -> 5 | O6: =IF($H6=0,"",VLOOKUP($G6,Data!$G$3:$BA$2935,8,FALSE)) -> -0.87 | P6: =IF($H6=0,"",VLOOKUP($G6,Data!$G$3:$BA$2935,9,FALSE)) -> 0 | Q6: =IF($H6=0,"",VLOOKUP($G6,Data!$G$3:$BA$2935,10,FALSE)) -> 1 | R6: =IF($H6=0,"",VLOOKUP($G6,Data!$G$3:$BA$2935,11,FALSE)) -> 0 | S6: =IF($H6=0,"",VLOOKUP($G6,Data!$G$3:$BA$2935,12,FALSE)) -> 99 | T6: =IF($H6=0,"",VLOOKUP($G6,Data!$G$3:$BA$2935,13,FALSE)) -> -99 | U6: =IF($H6=0,"",VLOOKUP($G6,Data!$G$3:$BA$2935,14,FALSE)) -> 0 | V6: =IF($H6=0,"",VLOOKUP($G6,Data!$G$3:$BA$2935,15,FALSE)) -> 9.3 | W6: =IF($H6=0,"",VLOOKUP($G6,Data!$G$3:$BA$2935,16,FALSE)) -> 0 | X6: =IF($H6=0,"",VLOOKUP($G6,Data!$G$3:$BA$2935,17,FALSE)) -> 11.63 | Y6: =IF($H6=0,"",VLOOKUP($G6,Data!$G$3:$BA$2935,18,FALSE)) -> 0.113 | Z6: =IF($H6=0,"",VLOOKUP($G6,Data!$G$3:$BA$2935,19,FALSE)) -> 0.124 | AA6: =IF($H6=0,"",VLOOKUP($G6,Data!$G$3:$BA$2935,20,FALSE)) -> 0 | AB6: =IF($H6=0,"",VLOOKUP($G6,Data!$G$3:$BA$2935,21,FALSE)) -> / | AC6: =IF($H6=0,"",VLOOKUP($G6,Data!$G$3:$BA$2935,22,FALSE)) -> / | AD6: =IF($H6=0,"",VLOOKUP($G6,Data!$G$3:$BA$2935,23,FALSE)) | AE6: =IF($H6=0,"",VLOOKUP($G6,Data!$G$3:$BA$2935,24,FALSE)) | AF6: =IF($H6=0,"",VLOOKUP($G6,Data!$G$3:$BA$2935,25,FALSE)) | AG6: =IF($H6=0,"",VLOOKUP($G6,Data!$G$3:$BA$2935,26,FALSE)) | AH6: =IF($H6=0,"",VLOOKUP($G6,Data!$G$3:$BA$2935,27,FALSE)) | AI6: =IF($H6=0,"",VLOOKUP($G6,Data!$G$3:$BA$2935,28,FALSE)) | AJ6: =IF($H6=0,"",VLOOKUP($G6,Data!$G$3:$BA$2935,29,FALSE)) | AK6: =IF($H6=0,"",VLOOKUP($G6,Data!$G$3:$BA$2935,30,FALSE)) | AL6: =IF($H6=0,"",VLOOKUP($G6,Data!$G$3:$BA$2935,31,FALSE)) | AM6: =IF($H6=0,"",VLOOKUP($G6,Data!$G$3:$BA$2935,32,FALSE)) | AN6: =IF($H6=0,"",VLOOKUP($G6,Data!$G$3:$BA$2935,33,FALSE)) | AO6: =IF($H6=0,"",VLOOKUP($G6,Data!$G$3:$BA$2935,34,FALSE)) | AP6: =IF($H6=0,"",VLOOKUP($G6,Data!$G$3:$BA$2935,35,FALSE)) | AQ6: =IF($H6=0,"",VLOOKUP($G6,Data!$G$3:$BA$2935,36,FALSE)) | AR6: =IF($H6=0,"",VLOOKUP($G6,Data!$G$3:$BA$2935,37,FALSE)) | AS6: =IF($H6=0,"",VLOOKUP($G6,Data!$G$3:$BA$2935,38,FALSE)) | AT6: =IF($H6=0,"",VLOOKUP($G6,Data!$G$3:$BA$2935,39,FALSE))
A7: =PSSE!A16 -> 912011 | B7: =PSSE!B16 -> NADUONG1_S1 | C7: =PSSE!D16 -> 6.3 | D7: =PSSE!E16 -> 55 | E7: =PSSE!F16 -> ND | F7: =PSSE!G16 -> 1 | G7: ="AVR"&C7&D7&E7&F7 -> AVR6.355ND1 | H7: =COUNTIF(Data!$G$3:$BA$2935,AVR!$G7) -> 1 | I7: =IF($H7=0,"",VLOOKUP($G7,Data!$G$3:$BA$2935,2,FALSE)) -> 'ESST4B' | J7: =PSSE!C16 -> 1 | K7: =IF($H7=0,"",VLOOKUP($G7,Data!$G$3:$BA$2935,4,FALSE)) -> 0 | L7: =IF($H7=0,"",VLOOKUP($G7,Data!$G$3:$BA$2935,5,FALSE)) -> 15 | M7: =IF($H7=0,"",VLOOKUP($G7,Data!$G$3:$BA$2935,6,FALSE)) -> 15 | N7: =IF($H7=0,"",VLOOKUP($G7,Data!$G$3:$BA$2935,7,FALSE)) -> 5 | O7: =IF($H7=0,"",VLOOKUP($G7,Data!$G$3:$BA$2935,8,FALSE)) -> -0.87 | P7: =IF($H7=0,"",VLOOKUP($G7,Data!$G$3:$BA$2935,9,FALSE)) -> 0 | Q7: =IF($H7=0,"",VLOOKUP($G7,Data!$G$3:$BA$2935,10,FALSE)) -> 1 | R7: =IF($H7=0,"",VLOOKUP($G7,Data!$G$3:$BA$2935,11,FALSE)) -> 0 | S7: =IF($H7=0,"",VLOOKUP($G7,Data!$G$3:$BA$2935,12,FALSE)) -> 99 | T7: =IF($H7=0,"",VLOOKUP($G7,Data!$G$3:$BA$2935,13,FALSE)) -> -99 | U7: =IF($H7=0,"",VLOOKUP($G7,Data!$G$3:$BA$2935,14,FALSE)) -> 0 | V7: =IF($H7=0,"",VLOOKUP($G7,Data!$G$3:$BA$2935,15,FALSE)) -> 9.3 | W7: =IF($H7=0,"",VLOOKUP($G7,Data!$G$3:$BA$2935,16,FALSE)) -> 0 | X7: =IF($H7=0,"",VLOOKUP($G7,Data!$G$3:$BA$2935,17,FALSE)) -> 11.63 | Y7: =IF($H7=0,"",VLOOKUP($G7,Data!$G$3:$BA$2935,18,FALSE)) -> 0.113 | Z7: =IF($H7=0,"",VLOOKUP($G7,Data!$G$3:$BA$2935,19,FALSE)) -> 0.124 | AA7: =IF($H7=0,"",VLOOKUP($G7,Data!$G$3:$BA$2935,20,FALSE)) -> 0 | AB7: =IF($H7=0,"",VLOOKUP($G7,Data!$G$3:$BA$2935,21,FALSE)) -> / | AC7: =IF($H7=0,"",VLOOKUP($G7,Data!$G$3:$BA$2935,22,FALSE)) -> / | AD7: =IF($H7=0,"",VLOOKUP($G7,Data!$G$3:$BA$2935,23,FALSE)) | AE7: =IF($H7=0,"",VLOOKUP($G7,Data!$G$3:$BA$2935,24,FALSE)) | AF7: =IF($H7=0,"",VLOOKUP($G7,Data!$G$3:$BA$2935,25,FALSE)) | AG7: =IF($H7=0,"",VLOOKUP($G7,Data!$G$3:$BA$2935,26,FALSE)) | AH7: =IF($H7=0,"",VLOOKUP($G7,Data!$G$3:$BA$2935,27,FALSE)) | AI7: =IF($H7=0,"",VLOOKUP($G7,Data!$G$3:$BA$2935,28,FALSE)) | AJ7: =IF($H7=0,"",VLOOKUP($G7,Data!$G$3:$BA$2935,29,FALSE)) | AK7: =IF($H7=0,"",VLOOKUP($G7,Data!$G$3:$BA$2935,30,FALSE)) | AL7: =IF($H7=0,"",VLOOKUP($G7,Data!$G$3:$BA$2935,31,FALSE)) | AM7: =IF($H7=0,"",VLOOKUP($G7,Data!$G$3:$BA$2935,32,FALSE)) | AN7: =IF($H7=0,"",VLOOKUP($G7,Data!$G$3:$BA$2935,33,FALSE)) | AO7: =IF($H7=0,"",VLOOKUP($G7,Data!$G$3:$BA$2935,34,FALSE)) | AP7: =IF($H7=0,"",VLOOKUP($G7,Data!$G$3:$BA$2935,35,FALSE)) | AQ7: =IF($H7=0,"",VLOOKUP($G7,Data!$G$3:$BA$2935,36,FALSE)) | AR7: =IF($H7=0,"",VLOOKUP($G7,Data!$G$3:$BA$2935,37,FALSE)) | AS7: =IF($H7=0,"",VLOOKUP($G7,Data!$G$3:$BA$2935,38,FALSE)) | AT7: =IF($H7=0,"",VLOOKUP($G7,Data!$G$3:$BA$2935,39,FALSE))
A8: =PSSE!A17 -> 912012 | B8: =PSSE!B17 -> NADUONG1_S2 | C8: =PSSE!D17 -> 6.3 | D8: =PSSE!E17 -> 55 | E8: =PSSE!F17 -> ND | F8: =PSSE!G17 -> 1 | G8: ="AVR"&C8&D8&E8&F8 -> AVR6.355ND1 | H8: =COUNTIF(Data!$G$3:$BA$2935,AVR!$G8) -> 1 | I8: =IF($H8=0,"",VLOOKUP($G8,Data!$G$3:$BA$2935,2,FALSE)) -> 'ESST4B' | J8: =PSSE!C17 -> 1 | K8: =IF($H8=0,"",VLOOKUP($G8,Data!$G$3:$BA$2935,4,FALSE)) -> 0 | L8: =IF($H8=0,"",VLOOKUP($G8,Data!$G$3:$BA$2935,5,FALSE)) -> 15 | M8: =IF($H8=0,"",VLOOKUP($G8,Data!$G$3:$BA$2935,6,FALSE)) -> 15 | N8: =IF($H8=0,"",VLOOKUP($G8,Data!$G$3:$BA$2935,7,FALSE)) -> 5 | O8: =IF($H8=0,"",VLOOKUP($G8,Data!$G$3:$BA$2935,8,FALSE)) -> -0.87 | P8: =IF($H8=0,"",VLOOKUP($G8,Data!$G$3:$BA$2935,9,FALSE)) -> 0 | Q8: =IF($H8=0,"",VLOOKUP($G8,Data!$G$3:$BA$2935,10,FALSE)) -> 1 | R8: =IF($H8=0,"",VLOOKUP($G8,Data!$G$3:$BA$2935,11,FALSE)) -> 0 | S8: =IF($H8=0,"",VLOOKUP($G8,Data!$G$3:$BA$2935,12,FALSE)) -> 99 | T8: =IF($H8=0,"",VLOOKUP($G8,Data!$G$3:$BA$2935,13,FALSE)) -> -99 | U8: =IF($H8=0,"",VLOOKUP($G8,Data!$G$3:$BA$2935,14,FALSE)) -> 0 | V8: =IF($H8=0,"",VLOOKUP($G8,Data!$G$3:$BA$2935,15,FALSE)) -> 9.3 | W8: =IF($H8=0,"",VLOOKUP($G8,Data!$G$3:$BA$2935,16,FALSE)) -> 0 | X8: =IF($H8=0,"",VLOOKUP($G8,Data!$G$3:$BA$2935,17,FALSE)) -> 11.63 | Y8: =IF($H8=0,"",VLOOKUP($G8,Data!$G$3:$BA$2935,18,FALSE)) -> 0.113 | Z8: =IF($H8=0,"",VLOOKUP($G8,Data!$G$3:$BA$2935,19,FALSE)) -> 0.124 | AA8: =IF($H8=0,"",VLOOKUP($G8,Data!$G$3:$BA$2935,20,FALSE)) -> 0 | AB8: =IF($H8=0,"",VLOOKUP($G8,Data!$G$3:$BA$2935,21,FALSE)) -> / | AC8: =IF($H8=0,"",VLOOKUP($G8,Data!$G$3:$BA$2935,22,FALSE)) -> / | AD8: =IF($H8=0,"",VLOOKUP($G8,Data!$G$3:$BA$2935,23,FALSE)) | AE8: =IF($H8=0,"",VLOOKUP($G8,Data!$G$3:$BA$2935,24,FALSE)) | AF8: =IF($H8=0,"",VLOOKUP($G8,Data!$G$3:$BA$2935,25,FALSE)) | AG8: =IF($H8=0,"",VLOOKUP($G8,Data!$G$3:$BA$2935,26,FALSE)) | AH8: =IF($H8=0,"",VLOOKUP($G8,Data!$G$3:$BA$2935,27,FALSE)) | AI8: =IF($H8=0,"",VLOOKUP($G8,Data!$G$3:$BA$2935,28,FALSE)) | AJ8: =IF($H8=0,"",VLOOKUP($G8,Data!$G$3:$BA$2935,29,FALSE)) | AK8: =IF($H8=0,"",VLOOKUP($G8,Data!$G$3:$BA$2935,30,FALSE)) | AL8: =IF($H8=0,"",VLOOKUP($G8,Data!$G$3:$BA$2935,31,FALSE)) | AM8: =IF($H8=0,"",VLOOKUP($G8,Data!$G$3:$BA$2935,32,FALSE)) | AN8: =IF($H8=0,"",VLOOKUP($G8,Data!$G$3:$BA$2935,33,FALSE)) | AO8: =IF($H8=0,"",VLOOKUP($G8,Data!$G$3:$BA$2935,34,FALSE)) | AP8: =IF($H8=0,"",VLOOKUP($G8,Data!$G$3:$BA$2935,35,FALSE)) | AQ8: =IF($H8=0,"",VLOOKUP($G8,Data!$G$3:$BA$2935,36,FALSE)) | AR8: =IF($H8=0,"",VLOOKUP($G8,Data!$G$3:$BA$2935,37,FALSE)) | AS8: =IF($H8=0,"",VLOOKUP($G8,Data!$G$3:$BA$2935,38,FALSE)) | AT8: =IF($H8=0,"",VLOOKUP($G8,Data!$G$3:$BA$2935,39,FALSE))
A9: =PSSE!A18 -> 912013 | B9: =PSSE!B18 -> NADUONG2_S1 | C9: =PSSE!D18 -> 6.3 | D9: =PSSE!E18 -> 55 | E9: =PSSE!F18 -> ND | F9: =PSSE!G18 -> 1 | G9: ="AVR"&C9&D9&E9&F9 -> AVR6.355ND1 | H9: =COUNTIF(Data!$G$3:$BA$2935,AVR!$G9) -> 1 | I9: =IF($H9=0,"",VLOOKUP($G9,Data!$G$3:$BA$2935,2,FALSE)) -> 'ESST4B' | J9: =PSSE!C18 -> 1 | K9: =IF($H9=0,"",VLOOKUP($G9,Data!$G$3:$BA$2935,4,FALSE)) -> 0 | L9: =IF($H9=0,"",VLOOKUP($G9,Data!$G$3:$BA$2935,5,FALSE)) -> 15 | M9: =IF($H9=0,"",VLOOKUP($G9,Data!$G$3:$BA$2935,6,FALSE)) -> 15 | N9: =IF($H9=0,"",VLOOKUP($G9,Data!$G$3:$BA$2935,7,FALSE)) -> 5 | O9: =IF($H9=0,"",VLOOKUP($G9,Data!$G$3:$BA$2935,8,FALSE)) -> -0.87 | P9: =IF($H9=0,"",VLOOKUP($G9,Data!$G$3:$BA$2935,9,FALSE)) -> 0 | Q9: =IF($H9=0,"",VLOOKUP($G9,Data!$G$3:$BA$2935,10,FALSE)) -> 1 | R9: =IF($H9=0,"",VLOOKUP($G9,Data!$G$3:$BA$2935,11,FALSE)) -> 0 | S9: =IF($H9=0,"",VLOOKUP($G9,Data!$G$3:$BA$2935,12,FALSE)) -> 99 | T9: =IF($H9=0,"",VLOOKUP($G9,Data!$G$3:$BA$2935,13,FALSE)) -> -99 | U9: =IF($H9=0,"",VLOOKUP($G9,Data!$G$3:$BA$2935,14,FALSE)) -> 0 | V9: =IF($H9=0,"",VLOOKUP($G9,Data!$G$3:$BA$2935,15,FALSE)) -> 9.3 | W9: =IF($H9=0,"",VLOOKUP($G9,Data!$G$3:$BA$2935,16,FALSE)) -> 0 | X9: =IF($H9=0,"",VLOOKUP($G9,Data!$G$3:$BA$2935,17,FALSE)) -> 11.63 | Y9: =IF($H9=0,"",VLOOKUP($G9,Data!$G$3:$BA$2935,18,FALSE)) -> 0.113 | Z9: =IF($H9=0,"",VLOOKUP($G9,Data!$G$3:$BA$2935,19,FALSE)) -> 0.124 | AA9: =IF($H9=0,"",VLOOKUP($G9,Data!$G$3:$BA$2935,20,FALSE)) -> 0 | AB9: =IF($H9=0,"",VLOOKUP($G9,Data!$G$3:$BA$2935,21,FALSE)) -> / | AC9: =IF($H9=0,"",VLOOKUP($G9,Data!$G$3:$BA$2935,22,FALSE)) -> / | AD9: =IF($H9=0,"",VLOOKUP($G9,Data!$G$3:$BA$2935,23,FALSE)) | AE9: =IF($H9=0,"",VLOOKUP($G9,Data!$G$3:$BA$2935,24,FALSE)) | AF9: =IF($H9=0,"",VLOOKUP($G9,Data!$G$3:$BA$2935,25,FALSE)) | AG9: =IF($H9=0,"",VLOOKUP($G9,Data!$G$3:$BA$2935,26,FALSE)) | AH9: =IF($H9=0,"",VLOOKUP($G9,Data!$G$3:$BA$2935,27,FALSE)) | AI9: =IF($H9=0,"",VLOOKUP($G9,Data!$G$3:$BA$2935,28,FALSE)) | AJ9: =IF($H9=0,"",VLOOKUP($G9,Data!$G$3:$BA$2935,29,FALSE)) | AK9: =IF($H9=0,"",VLOOKUP($G9,Data!$G$3:$BA$2935,30,FALSE)) | AL9: =IF($H9=0,"",VLOOKUP($G9,Data!$G$3:$BA$2935,31,FALSE)) | AM9: =IF($H9=0,"",VLOOKUP($G9,Data!$G$3:$BA$2935,32,FALSE)) | AN9: =IF($H9=0,"",VLOOKUP($G9,Data!$G$3:$BA$2935,33,FALSE)) | AO9: =IF($H9=0,"",VLOOKUP($G9,Data!$G$3:$BA$2935,34,FALSE)) | AP9: =IF($H9=0,"",VLOOKUP($G9,Data!$G$3:$BA$2935,35,FALSE)) | AQ9: =IF($H9=0,"",VLOOKUP($G9,Data!$G$3:$BA$2935,36,FALSE)) | AR9: =IF($H9=0,"",VLOOKUP($G9,Data!$G$3:$BA$2935,37,FALSE)) | AS9: =IF($H9=0,"",VLOOKUP($G9,Data!$G$3:$BA$2935,38,FALSE)) | AT9: =IF($H9=0,"",VLOOKUP($G9,Data!$G$3:$BA$2935,39,FALSE))
A10: =PSSE!A19 -> 912014 | B10: =PSSE!B19 -> NADUONG2_S2 | C10: =PSSE!D19 -> 6.3 | D10: =PSSE!E19 -> 55 | E10: =PSSE!F19 -> ND | F10: =PSSE!G19 -> 1 | G10: ="AVR"&C10&D10&E10&F10 -> AVR6.355ND1 | H10: =COUNTIF(Data!$G$3:$BA$2935,AVR!$G10) -> 1 | I10: =IF($H10=0,"",VLOOKUP($G10,Data!$G$3:$BA$2935,2,FALSE)) -> 'ESST4B' | J10: =PSSE!C19 -> 1 | K10: =IF($H10=0,"",VLOOKUP($G10,Data!$G$3:$BA$2935,4,FALSE)) -> 0 | L10: =IF($H10=0,"",VLOOKUP($G10,Data!$G$3:$BA$2935,5,FALSE)) -> 15 | M10: =IF($H10=0,"",VLOOKUP($G10,Data!$G$3:$BA$2935,6,FALSE)) -> 15 | N10: =IF($H10=0,"",VLOOKUP($G10,Data!$G$3:$BA$2935,7,FALSE)) -> 5 | O10: =IF($H10=0,"",VLOOKUP($G10,Data!$G$3:$BA$2935,8,FALSE)) -> -0.87 | P10: =IF($H10=0,"",VLOOKUP($G10,Data!$G$3:$BA$2935,9,FALSE)) -> 0 | Q10: =IF($H10=0,"",VLOOKUP($G10,Data!$G$3:$BA$2935,10,FALSE)) -> 1 | R10: =IF($H10=0,"",VLOOKUP($G10,Data!$G$3:$BA$2935,11,FALSE)) -> 0 | S10: =IF($H10=0,"",VLOOKUP($G10,Data!$G$3:$BA$2935,12,FALSE)) -> 99 | T10: =IF($H10=0,"",VLOOKUP($G10,Data!$G$3:$BA$2935,13,FALSE)) -> -99 | U10: =IF($H10=0,"",VLOOKUP($G10,Data!$G$3:$BA$2935,14,FALSE)) -> 0 | V10: =IF($H10=0,"",VLOOKUP($G10,Data!$G$3:$BA$2935,15,FALSE)) -> 9.3 | W10: =IF($H10=0,"",VLOOKUP($G10,Data!$G$3:$BA$2935,16,FALSE)) -> 0 | X10: =IF($H10=0,"",VLOOKUP($G10,Data!$G$3:$BA$2935,17,FALSE)) -> 11.63 | Y10: =IF($H10=0,"",VLOOKUP($G10,Data!$G$3:$BA$2935,18,FALSE)) -> 0.113 | Z10: =IF($H10=0,"",VLOOKUP($G10,Data!$G$3:$BA$2935,19,FALSE)) -> 0.124 | AA10: =IF($H10=0,"",VLOOKUP($G10,Data!$G$3:$BA$2935,20,FALSE)) -> 0 | AB10: =IF($H10=0,"",VLOOKUP($G10,Data!$G$3:$BA$2935,21,FALSE)) -> / | AC10: =IF($H10=0,"",VLOOKUP($G10,Data!$G$3:$BA$2935,22,FALSE)) -> / | AD10: =IF($H10=0,"",VLOOKUP($G10,Data!$G$3:$BA$2935,23,FALSE)) | AE10: =IF($H10=0,"",VLOOKUP($G10,Data!$G$3:$BA$2935,24,FALSE)) | AF10: =IF($H10=0,"",VLOOKUP($G10,Data!$G$3:$BA$2935,25,FALSE)) | AG10: =IF($H10=0,"",VLOOKUP($G10,Data!$G$3:$BA$2935,26,FALSE)) | AH10: =IF($H10=0,"",VLOOKUP($G10,Data!$G$3:$BA$2935,27,FALSE)) | AI10: =IF($H10=0,"",VLOOKUP($G10,Data!$G$3:$BA$2935,28,FALSE)) | AJ10: =IF($H10=0,"",VLOOKUP($G10,Data!$G$3:$BA$2935,29,FALSE)) | AK10: =IF($H10=0,"",VLOOKUP($G10,Data!$G$3:$BA$2935,30,FALSE)) | AL10: =IF($H10=0,"",VLOOKUP($G10,Data!$G$3:$BA$2935,31,FALSE)) | AM10: =IF($H10=0,"",VLOOKUP($G10,Data!$G$3:$BA$2935,32,FALSE)) | AN10: =IF($H10=0,"",VLOOKUP($G10,Data!$G$3:$BA$2935,33,FALSE)) | AO10: =IF($H10=0,"",VLOOKUP($G10,Data!$G$3:$BA$2935,34,FALSE)) | AP10: =IF($H10=0,"",VLOOKUP($G10,Data!$G$3:$BA$2935,35,FALSE)) | AQ10: =IF($H10=0,"",VLOOKUP($G10,Data!$G$3:$BA$2935,36,FALSE)) | AR10: =IF($H10=0,"",VLOOKUP($G10,Data!$G$3:$BA$2935,37,FALSE)) | AS10: =IF($H10=0,"",VLOOKUP($G10,Data!$G$3:$BA$2935,38,FALSE)) | AT10: =IF($H10=0,"",VLOOKUP($G10,Data!$G$3:$BA$2935,39,FALSE))
A11: =PSSE!A20 -> 912021 | B11: =PSSE!B20 -> DOAVIEN_1 | C11: =PSSE!D20 -> 6.3 | D11: =PSSE!E20 -> 55 | E11: =PSSE!F20 -> TD | F11: =PSSE!G20 -> 1 | G11: ="AVR"&C11&D11&E11&F11 -> AVR6.355TD1 | H11: =COUNTIF(Data!$G$3:$BA$2935,AVR!$G11) -> 1 | I11: =IF($H11=0,"",VLOOKUP($G11,Data!$G$3:$BA$2935,2,FALSE)) -> 'ESST4B' | J11: =PSSE!C20 -> 1 | K11: =IF($H11=0,"",VLOOKUP($G11,Data!$G$3:$BA$2935,4,FALSE)) -> 0 | L11: =IF($H11=0,"",VLOOKUP($G11,Data!$G$3:$BA$2935,5,FALSE)) -> 10.75 | M11: =IF($H11=0,"",VLOOKUP($G11,Data!$G$3:$BA$2935,6,FALSE)) -> 10.75 | N11: =IF($H11=0,"",VLOOKUP($G11,Data!$G$3:$BA$2935,7,FALSE)) -> 5 | O11: =IF($H11=0,"",VLOOKUP($G11,Data!$G$3:$BA$2935,8,FALSE)) -> -0.87 | P11: =IF($H11=0,"",VLOOKUP($G11,Data!$G$3:$BA$2935,9,FALSE)) -> 0 | Q11: =IF($H11=0,"",VLOOKUP($G11,Data!$G$3:$BA$2935,10,FALSE)) -> 1 | R11: =IF($H11=0,"",VLOOKUP($G11,Data!$G$3:$BA$2935,11,FALSE)) -> 0 | S11: =IF($H11=0,"",VLOOKUP($G11,Data!$G$3:$BA$2935,12,FALSE)) -> 99 | T11: =IF($H11=0,"",VLOOKUP($G11,Data!$G$3:$BA$2935,13,FALSE)) -> -99 | U11: =IF($H11=0,"",VLOOKUP($G11,Data!$G$3:$BA$2935,14,FALSE)) -> 0 | V11: =IF($H11=0,"",VLOOKUP($G11,Data!$G$3:$BA$2935,15,FALSE)) -> 9.3 | W11: =IF($H11=0,"",VLOOKUP($G11,Data!$G$3:$BA$2935,16,FALSE)) -> 0 | X11: =IF($H11=0,"",VLOOKUP($G11,Data!$G$3:$BA$2935,17,FALSE)) -> 11.63 | Y11: =IF($H11=0,"",VLOOKUP($G11,Data!$G$3:$BA$2935,18,FALSE)) -> 0.113 | Z11: =IF($H11=0,"",VLOOKUP($G11,Data!$G$3:$BA$2935,19,FALSE)) -> 0.124 | AA11: =IF($H11=0,"",VLOOKUP($G11,Data!$G$3:$BA$2935,20,FALSE)) -> 0 | AB11: =IF($H11=0,"",VLOOKUP($G11,Data!$G$3:$BA$2935,21,FALSE)) -> / | AC11: =IF($H11=0,"",VLOOKUP($G11,Data!$G$3:$BA$2935,22,FALSE)) -> / | AD11: =IF($H11=0,"",VLOOKUP($G11,Data!$G$3:$BA$2935,23,FALSE)) | AE11: =IF($H11=0,"",VLOOKUP($G11,Data!$G$3:$BA$2935,24,FALSE)) | AF11: =IF($H11=0,"",VLOOKUP($G11,Data!$G$3:$BA$2935,25,FALSE)) | AG11: =IF($H11=0,"",VLOOKUP($G11,Data!$G$3:$BA$2935,26,FALSE)) | AH11: =IF($H11=0,"",VLOOKUP($G11,Data!$G$3:$BA$2935,27,FALSE)) | AI11: =IF($H11=0,"",VLOOKUP($G11,Data!$G$3:$BA$2935,28,FALSE)) | AJ11: =IF($H11=0,"",VLOOKUP($G11,Data!$G$3:$BA$2935,29,FALSE)) | AK11: =IF($H11=0,"",VLOOKUP($G11,Data!$G$3:$BA$2935,30,FALSE)) | AL11: =IF($H11=0,"",VLOOKUP($G11,Data!$G$3:$BA$2935,31,FALSE)) | AM11: =IF($H11=0,"",VLOOKUP($G11,Data!$G$3:$BA$2935,32,FALSE)) | AN11: =IF($H11=0,"",VLOOKUP($G11,Data!$G$3:$BA$2935,33,FALSE)) | AO11: =IF($H11=0,"",VLOOKUP($G11,Data!$G$3:$BA$2935,34,FALSE)) | AP11: =IF($H11=0,"",VLOOKUP($G11,Data!$G$3:$BA$2935,35,FALSE)) | AQ11: =IF($H11=0,"",VLOOKUP($G11,Data!$G$3:$BA$2935,36,FALSE)) | AR11: =IF($H11=0,"",VLOOKUP($G11,Data!$G$3:$BA$2935,37,FALSE)) | AS11: =IF($H11=0,"",VLOOKUP($G11,Data!$G$3:$BA$2935,38,FALSE)) | AT11: =IF($H11=0,"",VLOOKUP($G11,Data!$G$3:$BA$2935,39,FALSE))
A12: =PSSE!A21 -> 912031 | B12: =PSSE!B21 -> TANVIET_1 | C12: =PSSE!D21 -> 6.3 | D12: =PSSE!E21 -> 55 | E12: =PSSE!F21 -> TD | F12: =PSSE!G21 -> 1 | G12: ="AVR"&C12&D12&E12&F12 -> AVR6.355TD1 | H12: =COUNTIF(Data!$G$3:$BA$2935,AVR!$G12) -> 1 | I12: =IF($H12=0,"",VLOOKUP($G12,Data!$G$3:$BA$2935,2,FALSE)) -> 'ESST4B' | J12: =PSSE!C21 -> 1 | K12: =IF($H12=0,"",VLOOKUP($G12,Data!$G$3:$BA$2935,4,FALSE)) -> 0 | L12: =IF($H12=0,"",VLOOKUP($G12,Data!$G$3:$BA$2935,5,FALSE)) -> 10.75 | M12: =IF($H12=0,"",VLOOKUP($G12,Data!$G$3:$BA$2935,6,FALSE)) -> 10.75 | N12: =IF($H12=0,"",VLOOKUP($G12,Data!$G$3:$BA$2935,7,FALSE)) -> 5 | O12: =IF($H12=0,"",VLOOKUP($G12,Data!$G$3:$BA$2935,8,FALSE)) -> -0.87 | P12: =IF($H12=0,"",VLOOKUP($G12,Data!$G$3:$BA$2935,9,FALSE)) -> 0 | Q12: =IF($H12=0,"",VLOOKUP($G12,Data!$G$3:$BA$2935,10,FALSE)) -> 1 | R12: =IF($H12=0,"",VLOOKUP($G12,Data!$G$3:$BA$2935,11,FALSE)) -> 0 | S12: =IF($H12=0,"",VLOOKUP($G12,Data!$G$3:$BA$2935,12,FALSE)) -> 99 | T12: =IF($H12=0,"",VLOOKUP($G12,Data!$G$3:$BA$2935,13,FALSE)) -> -99 | U12: =IF($H12=0,"",VLOOKUP($G12,Data!$G$3:$BA$2935,14,FALSE)) -> 0 | V12: =IF($H12=0,"",VLOOKUP($G12,Data!$G$3:$BA$2935,15,FALSE)) -> 9.3 | W12: =IF($H12=0,"",VLOOKUP($G12,Data!$G$3:$BA$2935,16,FALSE)) -> 0 | X12: =IF($H12=0,"",VLOOKUP($G12,Data!$G$3:$BA$2935,17,FALSE)) -> 11.63 | Y12: =IF($H12=0,"",VLOOKUP($G12,Data!$G$3:$BA$2935,18,FALSE)) -> 0.113 | Z12: =IF($H12=0,"",VLOOKUP($G12,Data!$G$3:$BA$2935,19,FALSE)) -> 0.124 | AA12: =IF($H12=0,"",VLOOKUP($G12,Data!$G$3:$BA$2935,20,FALSE)) -> 0 | AB12: =IF($H12=0,"",VLOOKUP($G12,Data!$G$3:$BA$2935,21,FALSE)) -> / | AC12: =IF($H12=0,"",VLOOKUP($G12,Data!$G$3:$BA$2935,22,FALSE)) -> / | AD12: =IF($H12=0,"",VLOOKUP($G12,Data!$G$3:$BA$2935,23,FALSE)) | AE12: =IF($H12=0,"",VLOOKUP($G12,Data!$G$3:$BA$2935,24,FALSE)) | AF12: =IF($H12=0,"",VLOOKUP($G12,Data!$G$3:$BA$2935,25,FALSE)) | AG12: =IF($H12=0,"",VLOOKUP($G12,Data!$G$3:$BA$2935,26,FALSE)) | AH12: =IF($H12=0,"",VLOOKUP($G12,Data!$G$3:$BA$2935,27,FALSE)) | AI12: =IF($H12=0,"",VLOOKUP($G12,Data!$G$3:$BA$2935,28,FALSE)) | AJ12: =IF($H12=0,"",VLOOKUP($G12,Data!$G$3:$BA$2935,29,FALSE)) | AK12: =IF($H12=0,"",VLOOKUP($G12,Data!$G$3:$BA$2935,30,FALSE)) | AL12: =IF($H12=0,"",VLOOKUP($G12,Data!$G$3:$BA$2935,31,FALSE)) | AM12: =IF($H12=0,"",VLOOKUP($G12,Data!$G$3:$BA$2935,32,FALSE)) | AN12: =IF($H12=0,"",VLOOKUP($G12,Data!$G$3:$BA$2935,33,FALSE)) | AO12: =IF($H12=0,"",VLOOKUP($G12,Data!$G$3:$BA$2935,34,FALSE)) | AP12: =IF($H12=0,"",VLOOKUP($G12,Data!$G$3:$BA$2935,35,FALSE)) | AQ12: =IF($H12=0,"",VLOOKUP($G12,Data!$G$3:$BA$2935,36,FALSE)) | AR12: =IF($H12=0,"",VLOOKUP($G12,Data!$G$3:$BA$2935,37,FALSE)) | AS12: =IF($H12=0,"",VLOOKUP($G12,Data!$G$3:$BA$2935,38,FALSE)) | AT12: =IF($H12=0,"",VLOOKUP($G12,Data!$G$3:$BA$2935,39,FALSE))
A13: =PSSE!A22 -> 912041 | B13: =PSSE!B22 -> THACXANG1 | C13: =PSSE!D22 -> 6.3 | D13: =PSSE!E22 -> 55 | E13: =PSSE!F22 -> TD | F13: =PSSE!G22 -> 1 | G13: ="AVR"&C13&D13&E13&F13 -> AVR6.355TD1 | H13: =COUNTIF(Data!$G$3:$BA$2935,AVR!$G13) -> 1 | I13: =IF($H13=0,"",VLOOKUP($G13,Data!$G$3:$BA$2935,2,FALSE)) -> 'ESST4B' | J13: =PSSE!C22 -> 1 | K13: =IF($H13=0,"",VLOOKUP($G13,Data!$G$3:$BA$2935,4,FALSE)) -> 0 | L13: =IF($H13=0,"",VLOOKUP($G13,Data!$G$3:$BA$2935,5,FALSE)) -> 10.75 | M13: =IF($H13=0,"",VLOOKUP($G13,Data!$G$3:$BA$2935,6,FALSE)) -> 10.75 | N13: =IF($H13=0,"",VLOOKUP($G13,Data!$G$3:$BA$2935,7,FALSE)) -> 5 | O13: =IF($H13=0,"",VLOOKUP($G13,Data!$G$3:$BA$2935,8,FALSE)) -> -0.87 | P13: =IF($H13=0,"",VLOOKUP($G13,Data!$G$3:$BA$2935,9,FALSE)) -> 0 | Q13: =IF($H13=0,"",VLOOKUP($G13,Data!$G$3:$BA$2935,10,FALSE)) -> 1 | R13: =IF($H13=0,"",VLOOKUP($G13,Data!$G$3:$BA$2935,11,FALSE)) -> 0 | S13: =IF($H13=0,"",VLOOKUP($G13,Data!$G$3:$BA$2935,12,FALSE)) -> 99 | T13: =IF($H13=0,"",VLOOKUP($G13,Data!$G$3:$BA$2935,13,FALSE)) -> -99 | U13: =IF($H13=0,"",VLOOKUP($G13,Data!$G$3:$BA$2935,14,FALSE)) -> 0 | V13: =IF($H13=0,"",VLOOKUP($G13,Data!$G$3:$BA$2935,15,FALSE)) -> 9.3 | W13: =IF($H13=0,"",VLOOKUP($G13,Data!$G$3:$BA$2935,16,FALSE)) -> 0 | X13: =IF($H13=0,"",VLOOKUP($G13,Data!$G$3:$BA$2935,17,FALSE)) -> 11.63 | Y13: =IF($H13=0,"",VLOOKUP($G13,Data!$G$3:$BA$2935,18,FALSE)) -> 0.113 | Z13: =IF($H13=0,"",VLOOKUP($G13,Data!$G$3:$BA$2935,19,FALSE)) -> 0.124 | AA13: =IF($H13=0,"",VLOOKUP($G13,Data!$G$3:$BA$2935,20,FALSE)) -> 0 | AB13: =IF($H13=0,"",VLOOKUP($G13,Data!$G$3:$BA$2935,21,FALSE)) -> / | AC13: =IF($H13=0,"",VLOOKUP($G13,Data!$G$3:$BA$2935,22,FALSE)) -> / | AD13: =IF($H13=0,"",VLOOKUP($G13,Data!$G$3:$BA$2935,23,FALSE)) | AE13: =IF($H13=0,"",VLOOKUP($G13,Data!$G$3:$BA$2935,24,FALSE)) | AF13: =IF($H13=0,"",VLOOKUP($G13,Data!$G$3:$BA$2935,25,FALSE)) | AG13: =IF($H13=0,"",VLOOKUP($G13,Data!$G$3:$BA$2935,26,FALSE)) | AH13: =IF($H13=0,"",VLOOKUP($G13,Data!$G$3:$BA$2935,27,FALSE)) | AI13: =IF($H13=0,"",VLOOKUP($G13,Data!$G$3:$BA$2935,28,FALSE)) | AJ13: =IF($H13=0,"",VLOOKUP($G13,Data!$G$3:$BA$2935,29,FALSE)) | AK13: =IF($H13=0,"",VLOOKUP($G13,Data!$G$3:$BA$2935,30,FALSE)) | AL13: =IF($H13=0,"",VLOOKUP($G13,Data!$G$3:$BA$2935,31,FALSE)) | AM13: =IF($H13=0,"",VLOOKUP($G13,Data!$G$3:$BA$2935,32,FALSE)) | AN13: =IF($H13=0,"",VLOOKUP($G13,Data!$G$3:$BA$2935,33,FALSE)) | AO13: =IF($H13=0,"",VLOOKUP($G13,Data!$G$3:$BA$2935,34,FALSE)) | AP13: =IF($H13=0,"",VLOOKUP($G13,Data!$G$3:$BA$2935,35,FALSE)) | AQ13: =IF($H13=0,"",VLOOKUP($G13,Data!$G$3:$BA$2935,36,FALSE)) | AR13: =IF($H13=0,"",VLOOKUP($G13,Data!$G$3:$BA$2935,37,FALSE)) | AS13: =IF($H13=0,"",VLOOKUP($G13,Data!$G$3:$BA$2935,38,FALSE)) | AT13: =IF($H13=0,"",VLOOKUP($G13,Data!$G$3:$BA$2935,39,FALSE))
A14: =PSSE!A23 -> 912051 | B14: =PSSE!B23 -> PDMAUSON1 | C14: =PSSE!D23 -> 6.3 | D14: =PSSE!E23 -> 55 | E14: =PSSE!F23 -> TD | F14: =PSSE!G23 -> 1 | G14: ="AVR"&C14&D14&E14&F14 -> AVR6.355TD1 | H14: =COUNTIF(Data!$G$3:$BA$2935,AVR!$G14) -> 1 | I14: =IF($H14=0,"",VLOOKUP($G14,Data!$G$3:$BA$2935,2,FALSE)) -> 'ESST4B' | J14: =PSSE!C23 -> 1 | K14: =IF($H14=0,"",VLOOKUP($G14,Data!$G$3:$BA$2935,4,FALSE)) -> 0 | L14: =IF($H14=0,"",VLOOKUP($G14,Data!$G$3:$BA$2935,5,FALSE)) -> 10.75 | M14: =IF($H14=0,"",VLOOKUP($G14,Data!$G$3:$BA$2935,6,FALSE)) -> 10.75 | N14: =IF($H14=0,"",VLOOKUP($G14,Data!$G$3:$BA$2935,7,FALSE)) -> 5 | O14: =IF($H14=0,"",VLOOKUP($G14,Data!$G$3:$BA$2935,8,FALSE)) -> -0.87 | P14: =IF($H14=0,"",VLOOKUP($G14,Data!$G$3:$BA$2935,9,FALSE)) -> 0 | Q14: =IF($H14=0,"",VLOOKUP($G14,Data!$G$3:$BA$2935,10,FALSE)) -> 1 | R14: =IF($H14=0,"",VLOOKUP($G14,Data!$G$3:$BA$2935,11,FALSE)) -> 0 | S14: =IF($H14=0,"",VLOOKUP($G14,Data!$G$3:$BA$2935,12,FALSE)) -> 99 | T14: =IF($H14=0,"",VLOOKUP($G14,Data!$G$3:$BA$2935,13,FALSE)) -> -99 | U14: =IF($H14=0,"",VLOOKUP($G14,Data!$G$3:$BA$2935,14,FALSE)) -> 0 | V14: =IF($H14=0,"",VLOOKUP($G14,Data!$G$3:$BA$2935,15,FALSE)) -> 9.3 | W14: =IF($H14=0,"",VLOOKUP($G14,Data!$G$3:$BA$2935,16,FALSE)) -> 0 | X14: =IF($H14=0,"",VLOOKUP($G14,Data!$G$3:$BA$2935,17,FALSE)) -> 11.63 | Y14: =IF($H14=0,"",VLOOKUP($G14,Data!$G$3:$BA$2935,18,FALSE)) -> 0.113 | Z14: =IF($H14=0,"",VLOOKUP($G14,Data!$G$3:$BA$2935,19,FALSE)) -> 0.124 | AA14: =IF($H14=0,"",VLOOKUP($G14,Data!$G$3:$BA$2935,20,FALSE)) -> 0 | AB14: =IF($H14=0,"",VLOOKUP($G14,Data!$G$3:$BA$2935,21,FALSE)) -> / | AC14: =IF($H14=0,"",VLOOKUP($G14,Data!$G$3:$BA$2935,22,FALSE)) -> / | AD14: =IF($H14=0,"",VLOOKUP($G14,Data!$G$3:$BA$2935,23,FALSE)) | AE14: =IF($H14=0,"",VLOOKUP($G14,Data!$G$3:$BA$2935,24,FALSE)) | AF14: =IF($H14=0,"",VLOOKUP($G14,Data!$G$3:$BA$2935,25,FALSE)) | AG14: =IF($H14=0,"",VLOOKUP($G14,Data!$G$3:$BA$2935,26,FALSE)) | AH14: =IF($H14=0,"",VLOOKUP($G14,Data!$G$3:$BA$2935,27,FALSE)) | AI14: =IF($H14=0,"",VLOOKUP($G14,Data!$G$3:$BA$2935,28,FALSE)) | AJ14: =IF($H14=0,"",VLOOKUP($G14,Data!$G$3:$BA$2935,29,FALSE)) | AK14: =IF($H14=0,"",VLOOKUP($G14,Data!$G$3:$BA$2935,30,FALSE)) | AL14: =IF($H14=0,"",VLOOKUP($G14,Data!$G$3:$BA$2935,31,FALSE)) | AM14: =IF($H14=0,"",VLOOKUP($G14,Data!$G$3:$BA$2935,32,FALSE)) | AN14: =IF($H14=0,"",VLOOKUP($G14,Data!$G$3:$BA$2935,33,FALSE)) | AO14: =IF($H14=0,"",VLOOKUP($G14,Data!$G$3:$BA$2935,34,FALSE)) | AP14: =IF($H14=0,"",VLOOKUP($G14,Data!$G$3:$BA$2935,35,FALSE)) | AQ14: =IF($H14=0,"",VLOOKUP($G14,Data!$G$3:$BA$2935,36,FALSE)) | AR14: =IF($H14=0,"",VLOOKUP($G14,Data!$G$3:$BA$2935,37,FALSE)) | AS14: =IF($H14=0,"",VLOOKUP($G14,Data!$G$3:$BA$2935,38,FALSE)) | AT14: =IF($H14=0,"",VLOOKUP($G14,Data!$G$3:$BA$2935,39,FALSE))
A15: =PSSE!A24 -> 913021 | B15: =PSSE!B24 -> NHOQUE3_H1 | C15: =PSSE!D24 -> 13.8 | D15: =PSSE!E24 -> 110 | E15: =PSSE!F24 -> TD | F15: =PSSE!G24 -> 1 | G15: ="AVR"&C15&D15&E15&F15 -> AVR13.8110TD1 | H15: =COUNTIF(Data!$G$3:$BA$2935,AVR!$G15) -> 1 | I15: =IF($H15=0,"",VLOOKUP($G15,Data!$G$3:$BA$2935,2,FALSE)) -> 'ESST4B' | J15: =PSSE!C24 -> 1 | K15: =IF($H15=0,"",VLOOKUP($G15,Data!$G$3:$BA$2935,4,FALSE)) -> 0 | L15: =IF($H15=0,"",VLOOKUP($G15,Data!$G$3:$BA$2935,5,FALSE)) -> 10.75 | M15: =IF($H15=0,"",VLOOKUP($G15,Data!$G$3:$BA$2935,6,FALSE)) -> 10.75 | N15: =IF($H15=0,"",VLOOKUP($G15,Data!$G$3:$BA$2935,7,FALSE)) -> 5 | O15: =IF($H15=0,"",VLOOKUP($G15,Data!$G$3:$BA$2935,8,FALSE)) -> -0.87 | P15: =IF($H15=0,"",VLOOKUP($G15,Data!$G$3:$BA$2935,9,FALSE)) -> 0 | Q15: =IF($H15=0,"",VLOOKUP($G15,Data!$G$3:$BA$2935,10,FALSE)) -> 1 | R15: =IF($H15=0,"",VLOOKUP($G15,Data!$G$3:$BA$2935,11,FALSE)) -> 0 | S15: =IF($H15=0,"",VLOOKUP($G15,Data!$G$3:$BA$2935,12,FALSE)) -> 99 | T15: =IF($H15=0,"",VLOOKUP($G15,Data!$G$3:$BA$2935,13,FALSE)) -> -99 | U15: =IF($H15=0,"",VLOOKUP($G15,Data!$G$3:$BA$2935,14,FALSE)) -> 0 | V15: =IF($H15=0,"",VLOOKUP($G15,Data!$G$3:$BA$2935,15,FALSE)) -> 9.3 | W15: =IF($H15=0,"",VLOOKUP($G15,Data!$G$3:$BA$2935,16,FALSE)) -> 0 | X15: =IF($H15=0,"",VLOOKUP($G15,Data!$G$3:$BA$2935,17,FALSE)) -> 11.63 | Y15: =IF($H15=0,"",VLOOKUP($G15,Data!$G$3:$BA$2935,18,FALSE)) -> 0.113 | Z15: =IF($H15=0,"",VLOOKUP($G15,Data!$G$3:$BA$2935,19,FALSE)) -> 0.124 | AA15: =IF($H15=0,"",VLOOKUP($G15,Data!$G$3:$BA$2935,20,FALSE)) -> 0 | AB15: =IF($H15=0,"",VLOOKUP($G15,Data!$G$3:$BA$2935,21,FALSE)) -> / | AC15: =IF($H15=0,"",VLOOKUP($G15,Data!$G$3:$BA$2935,22,FALSE)) -> / | AD15: =IF($H15=0,"",VLOOKUP($G15,Data!$G$3:$BA$2935,23,FALSE)) | AE15: =IF($H15=0,"",VLOOKUP($G15,Data!$G$3:$BA$2935,24,FALSE)) | AF15: =IF($H15=0,"",VLOOKUP($G15,Data!$G$3:$BA$2935,25,FALSE)) | AG15: =IF($H15=0,"",VLOOKUP($G15,Data!$G$3:$BA$2935,26,FALSE)) | AH15: =IF($H15=0,"",VLOOKUP($G15,Data!$G$3:$BA$2935,27,FALSE)) | AI15: =IF($H15=0,"",VLOOKUP($G15,Data!$G$3:$BA$2935,28,FALSE)) | AJ15: =IF($H15=0,"",VLOOKUP($G15,Data!$G$3:$BA$2935,29,FALSE)) | AK15: =IF($H15=0,"",VLOOKUP($G15,Data!$G$3:$BA$2935,30,FALSE)) | AL15: =IF($H15=0,"",VLOOKUP($G15,Data!$G$3:$BA$2935,31,FALSE)) | AM15: =IF($H15=0,"",VLOOKUP($G15,Data!$G$3:$BA$2935,32,FALSE)) | AN15: =IF($H15=0,"",VLOOKUP($G15,Data!$G$3:$BA$2935,33,FALSE)) | AO15: =IF($H15=0,"",VLOOKUP($G15,Data!$G$3:$BA$2935,34,FALSE)) | AP15: =IF($H15=0,"",VLOOKUP($G15,Data!$G$3:$BA$2935,35,FALSE)) | AQ15: =IF($H15=0,"",VLOOKUP($G15,Data!$G$3:$BA$2935,36,FALSE)) | AR15: =IF($H15=0,"",VLOOKUP($G15,Data!$G$3:$BA$2935,37,FALSE)) | AS15: =IF($H15=0,"",VLOOKUP($G15,Data!$G$3:$BA$2935,38,FALSE)) | AT15: =IF($H15=0,"",VLOOKUP($G15,Data!$G$3:$BA$2935,39,FALSE))
A16: =PSSE!A25 -> 913031 | B16: =PSSE!B25 -> NHOQUE1_H1 | C16: =PSSE!D25 -> 10.5 | D16: =PSSE!E25 -> 40 | E16: =PSSE!F25 -> TD | F16: =PSSE!G25 -> 1 | G16: ="AVR"&C16&D16&E16&F16 -> AVR10.540TD1 | H16: =COUNTIF(Data!$G$3:$BA$2935,AVR!$G16) -> 1 | I16: =IF($H16=0,"",VLOOKUP($G16,Data!$G$3:$BA$2935,2,FALSE)) -> 'EXAC4' | J16: =PSSE!C25 -> 1 | K16: =IF($H16=0,"",VLOOKUP($G16,Data!$G$3:$BA$2935,4,FALSE)) -> 0 | L16: =IF($H16=0,"",VLOOKUP($G16,Data!$G$3:$BA$2935,5,FALSE)) -> 10 | M16: =IF($H16=0,"",VLOOKUP($G16,Data!$G$3:$BA$2935,6,FALSE)) -> -10 | N16: =IF($H16=0,"",VLOOKUP($G16,Data!$G$3:$BA$2935,7,FALSE)) -> 1 | O16: =IF($H16=0,"",VLOOKUP($G16,Data!$G$3:$BA$2935,8,FALSE)) -> 10 | P16: =IF($H16=0,"",VLOOKUP($G16,Data!$G$3:$BA$2935,9,FALSE)) -> 200 | Q16: =IF($H16=0,"",VLOOKUP($G16,Data!$G$3:$BA$2935,10,FALSE)) -> 0.015 | R16: =IF($H16=0,"",VLOOKUP($G16,Data!$G$3:$BA$2935,11,FALSE)) -> 5.64 | S16: =IF($H16=0,"",VLOOKUP($G16,Data!$G$3:$BA$2935,12,FALSE)) -> -4.53 | T16: =IF($H16=0,"",VLOOKUP($G16,Data!$G$3:$BA$2935,13,FALSE)) -> 0 | U16: =IF($H16=0,"",VLOOKUP($G16,Data!$G$3:$BA$2935,14,FALSE)) -> / | V16: =IF($H16=0,"",VLOOKUP($G16,Data!$G$3:$BA$2935,15,FALSE)) -> / | W16: =IF($H16=0,"",VLOOKUP($G16,Data!$G$3:$BA$2935,16,FALSE)) | X16: =IF($H16=0,"",VLOOKUP($G16,Data!$G$3:$BA$2935,17,FALSE)) | Y16: =IF($H16=0,"",VLOOKUP($G16,Data!$G$3:$BA$2935,18,FALSE)) | Z16: =IF($H16=0,"",VLOOKUP($G16,Data!$G$3:$BA$2935,19,FALSE)) | AA16: =IF($H16=0,"",VLOOKUP($G16,Data!$G$3:$BA$2935,20,FALSE)) | AB16: =IF($H16=0,"",VLOOKUP($G16,Data!$G$3:$BA$2935,21,FALSE)) | AC16: =IF($H16=0,"",VLOOKUP($G16,Data!$G$3:$BA$2935,22,FALSE)) | AD16: =IF($H16=0,"",VLOOKUP($G16,Data!$G$3:$BA$2935,23,FALSE)) | AE16: =IF($H16=0,"",VLOOKUP($G16,Data!$G$3:$BA$2935,24,FALSE)) | AF16: =IF($H16=0,"",VLOOKUP($G16,Data!$G$3:$BA$2935,25,FALSE)) | AG16: =IF($H16=0,"",VLOOKUP($G16,Data!$G$3:$BA$2935,26,FALSE)) | AH16: =IF($H16=0,"",VLOOKUP($G16,Data!$G$3:$BA$2935,27,FALSE)) | AI16: =IF($H16=0,"",VLOOKUP($G16,Data!$G$3:$BA$2935,28,FALSE)) | AJ16: =IF($H16=0,"",VLOOKUP($G16,Data!$G$3:$BA$2935,29,FALSE)) | AK16: =IF($H16=0,"",VLOOKUP($G16,Data!$G$3:$BA$2935,30,FALSE)) | AL16: =IF($H16=0,"",VLOOKUP($G16,Data!$G$3:$BA$2935,31,FALSE)) | AM16: =IF($H16=0,"",VLOOKUP($G16,Data!$G$3:$BA$2935,32,FALSE)) | AN16: =IF($H16=0,"",VLOOKUP($G16,Data!$G$3:$BA$2935,33,FALSE)) | AO16: =IF($H16=0,"",VLOOKUP($G16,Data!$G$3:$BA$2935,34,FALSE)) | AP16: =IF($H16=0,"",VLOOKUP($G16,Data!$G$3:$BA$2935,35,FALSE)) | AQ16: =IF($H16=0,"",VLOOKUP($G16,Data!$G$3:$BA$2935,36,FALSE)) | AR16: =IF($H16=0,"",VLOOKUP($G16,Data!$G$3:$BA$2935,37,FALSE)) | AS16: =IF($H16=0,"",VLOOKUP($G16,Data!$G$3:$BA$2935,38,FALSE)) | AT16: =IF($H16=0,"",VLOOKUP($G16,Data!$G$3:$BA$2935,39,FALSE))
... A588: =PSSE!A597 -> 991025 | B588: =PSSE!B597 -> CAMAU_S3 | C588: =PSSE!D597 -> 20 | D588: =PSSE!E597 -> 253 | E588: =PSSE!F597 -> ND | F588: =PSSE!G597 -> 1 | G588: ="AVR"&C588&D588&E588&F588 -> AVR20253ND1 | H588: =COUNTIF(Data!$G$3:$BA$2935,AVR!$G588) -> 1 | I588: =IF($H588=0,"",VLOOKUP($G588,Data!$G$3:$BA$2935,2,FALSE)) -> 'ESST4B' | J588: =PSSE!C597 -> 1 | K588: =IF($H588=0,"",VLOOKUP($G588,Data!$G$3:$BA$2935,4,FALSE)) -> 0 | L588: =IF($H588=0,"",VLOOKUP($G588,Data!$G$3:$BA$2935,5,FALSE)) -> 10.75 | M588: =IF($H588=0,"",VLOOKUP($G588,Data!$G$3:$BA$2935,6,FALSE)) -> 10.75 | N588: =IF($H588=0,"",VLOOKUP($G588,Data!$G$3:$BA$2935,7,FALSE)) -> 5 | O588: =IF($H588=0,"",VLOOKUP($G588,Data!$G$3:$BA$2935,8,FALSE)) -> -0.87 | P588: =IF($H588=0,"",VLOOKUP($G588,Data!$G$3:$BA$2935,9,FALSE)) -> 0 | Q588: =IF($H588=0,"",VLOOKUP($G588,Data!$G$3:$BA$2935,10,FALSE)) -> 1 | R588: =IF($H588=0,"",VLOOKUP($G588,Data!$G$3:$BA$2935,11,FALSE)) -> 0 | S588: =IF($H588=0,"",VLOOKUP($G588,Data!$G$3:$BA$2935,12,FALSE)) -> 99 | T588: =IF($H588=0,"",VLOOKUP($G588,Data!$G$3:$BA$2935,13,FALSE)) -> -99 | U588: =IF($H588=0,"",VLOOKUP($G588,Data!$G$3:$BA$2935,14,FALSE)) -> 0 | V588: =IF($H588=0,"",VLOOKUP($G588,Data!$G$3:$BA$2935,15,FALSE)) -> 9.3 | W588: =IF($H588=0,"",VLOOKUP($G588,Data!$G$3:$BA$2935,16,FALSE)) -> 0 | X588: =IF($H588=0,"",VLOOKUP($G588,Data!$G$3:$BA$2935,17,FALSE)) -> 11.63 | Y588: =IF($H588=0,"",VLOOKUP($G588,Data!$G$3:$BA$2935,18,FALSE)) -> 0.113 | Z588: =IF($H588=0,"",VLOOKUP($G588,Data!$G$3:$BA$2935,19,FALSE)) -> 0.124 | AA588: =IF($H588=0,"",VLOOKUP($G588,Data!$G$3:$BA$2935,20,FALSE)) -> 0 | AB588: =IF($H588=0,"",VLOOKUP($G588,Data!$G$3:$BA$2935,21,FALSE)) -> / | AC588: =IF($H588=0,"",VLOOKUP($G588,Data!$G$3:$BA$2935,22,FALSE)) -> / | AD588: =IF($H588=0,"",VLOOKUP($G588,Data!$G$3:$BA$2935,23,FALSE)) | AE588: =IF($H588=0,"",VLOOKUP($G588,Data!$G$3:$BA$2935,24,FALSE)) | AF588: =IF($H588=0,"",VLOOKUP($G588,Data!$G$3:$BA$2935,25,FALSE)) | AG588: =IF($H588=0,"",VLOOKUP($G588,Data!$G$3:$BA$2935,26,FALSE)) | AH588: =IF($H588=0,"",VLOOKUP($G588,Data!$G$3:$BA$2935,27,FALSE)) | AI588: =IF($H588=0,"",VLOOKUP($G588,Data!$G$3:$BA$2935,28,FALSE)) | AJ588: =IF($H588=0,"",VLOOKUP($G588,Data!$G$3:$BA$2935,29,FALSE)) | AK588: =IF($H588=0,"",VLOOKUP($G588,Data!$G$3:$BA$2935,30,FALSE)) | AL588: =IF($H588=0,"",VLOOKUP($G588,Data!$G$3:$BA$2935,31,FALSE)) | AM588: =IF($H588=0,"",VLOOKUP($G588,Data!$G$3:$BA$2935,32,FALSE)) | AN588: =IF($H588=0,"",VLOOKUP($G588,Data!$G$3:$BA$2935,33,FALSE)) | AO588: =IF($H588=0,"",VLOOKUP($G588,Data!$G$3:$BA$2935,34,FALSE)) | AP588: =IF($H588=0,"",VLOOKUP($G588,Data!$G$3:$BA$2935,35,FALSE)) | AQ588: =IF($H588=0,"",VLOOKUP($G588,Data!$G$3:$BA$2935,36,FALSE)) | AR588: =IF($H588=0,"",VLOOKUP($G588,Data!$G$3:$BA$2935,37,FALSE)) | AS588: =IF($H588=0,"",VLOOKUP($G588,Data!$G$3:$BA$2935,38,FALSE)) | AT588: =IF($H588=0,"",VLOOKUP($G588,Data!$G$3:$BA$2935,39,FALSE))

Sheet GEN
A1: =PSSE!A3 -> 113015 | B1: =PSSE!B3 -> HAKHAU1 | C1: =PSSE!D3 -> 110 | D1: =PSSE!E3 -> 150 | E1: =PSSE!F3 -> TQ | F1: =PSSE!G3 -> 1 | G1: ="GEN"&C1&D1&E1&F1 -> GEN110150TQ1 | H1: =COUNTIF(Data!$G$3:$BA$2935,GEN!$G1) -> 1 | I1: =IF($H1=0,"",VLOOKUP($G1,Data!$G$3:$BA$2935,2,FALSE)) -> 'GENSAL' | J1: =PSSE!C3 -> 1 | K1: =IF($H1=0,"",VLOOKUP($G1,Data!$G$3:$BA$2935,4,FALSE)) -> 5 | L1: =IF($H1=0,"",VLOOKUP($G1,Data!$G$3:$BA$2935,5,FALSE)) -> 0.05 | M1: =IF($H1=0,"",VLOOKUP($G1,Data!$G$3:$BA$2935,6,FALSE)) -> 0.2 | N1: =IF($H1=0,"",VLOOKUP($G1,Data!$G$3:$BA$2935,7,FALSE)) -> 5 | O1: =IF($H1=0,"",VLOOKUP($G1,Data!$G$3:$BA$2935,8,FALSE)) -> 0 | P1: =IF($H1=0,"",VLOOKUP($G1,Data!$G$3:$BA$2935,9,FALSE)) -> 1 | Q1: =IF($H1=0,"",VLOOKUP($G1,Data!$G$3:$BA$2935,10,FALSE)) -> 0.75 | R1: =IF($H1=0,"",VLOOKUP($G1,Data!$G$3:$BA$2935,11,FALSE)) -> 0.4 | S1: =IF($H1=0,"",VLOOKUP($G1,Data!$G$3:$BA$2935,12,FALSE)) -> 0.22 | T1: =IF($H1=0,"",VLOOKUP($G1,Data!$G$3:$BA$2935,13,FALSE)) -> 0.1 | U1: =IF($H1=0,"",VLOOKUP($G1,Data!$G$3:$BA$2935,14,FALSE)) -> 0.11 | V1: =IF($H1=0,"",VLOOKUP($G1,Data!$G$3:$BA$2935,15,FALSE)) -> 0.62 | W1: =IF($H1=0,"",VLOOKUP($G1,Data!$G$3:$BA$2935,16,FALSE)) -> / | X1: =IF($H1=0,"",VLOOKUP($G1,Data!$G$3:$BA$2935,17,FALSE)) -> / | Y1: =IF($H1=0,"",VLOOKUP($G1,Data!$G$3:$BA$2935,18,FALSE)) -> / | Z1: =IF($H1=0,"",VLOOKUP($G1,Data!$G$3:$BA$2935,19,FALSE)) -> / | AA1: =IF($H1=0,"",VLOOKUP($G1,Data!$G$3:$BA$2935,20,FALSE)) | AB1: =IF($H1=0,"",VLOOKUP($G1,Data!$G$3:$BA$2935,21,FALSE)) | AC1: =IF($H1=0,"",VLOOKUP($G1,Data!$G$3:$BA$2935,22,FALSE)) | AD1: =IF($H1=0,"",VLOOKUP($G1,Data!$G$3:$BA$2935,23,FALSE)) | AE1: =IF($H1=0,"",VLOOKUP($G1,Data!$G$3:$BA$2935,24,FALSE)) | AF1: =IF($H1=0,"",VLOOKUP($G1,Data!$G$3:$BA$2935,25,FALSE)) | AG1: =IF($H1=0,"",VLOOKUP($G1,Data!$G$3:$BA$2935,26,FALSE)) | AH1: =IF($H1=0,"",VLOOKUP($G1,Data!$G$3:$BA$2935,27,FALSE)) | AI1: =IF($H1=0,"",VLOOKUP($G1,Data!$G$3:$BA$2935,28,FALSE)) | AJ1: =IF($H1=0,"",VLOOKUP($G1,Data!$G$3:$BA$2935,29,FALSE)) | AK1: =IF($H1=0,"",VLOOKUP($G1,Data!$G$3:$BA$2935,30,FALSE)) | AL1: =IF($H1=0,"",VLOOKUP($G1,Data!$G$3:$BA$2935,31,FALSE)) | AM1: =IF($H1=0,"",VLOOKUP($G1,Data!$G$3:$BA$2935,32,FALSE)) | AN1: =IF($H1=0,"",VLOOKUP($G1,Data!$G$3:$BA$2935,33,FALSE)) | AO1: =IF($H1=0,"",VLOOKUP($G1,Data!$G$3:$BA$2935,34,FALSE)) | AP1: =IF($H1=0,"",VLOOKUP($G1,Data!$G$3:$BA$2935,35,FALSE)) | AQ1: =IF($H1=0,"",VLOOKUP($G1,Data!$G$3:$BA$2935,36,FALSE)) | AR1: =IF($H1=0,"",VLOOKUP($G1,Data!$G$3:$BA$2935,37,FALSE)) | AS1: =IF($H1=0,"",VLOOKUP($G1,Data!$G$3:$BA$2935,38,FALSE)) | AT1: =IF($H1=0,"",VLOOKUP($G1,Data!$G$3:$BA$2935,39,FALSE))
A2: =PSSE!A4 -> 113017 | B2: =PSSE!B4 -> MAOMAOTIAO1 | C2: =PSSE!D4 -> 110 | D2: =PSSE!E4 -> 150 | E2: =PSSE!F4 -> TQ | F2: =PSSE!G4 -> 1 | G2: ="GEN"&C2&D2&E2&F2 -> GEN110150TQ1 | H2: =COUNTIF(Data!$G$3:$BA$2935,GEN!$G2) -> 1 | I2: =IF($H2=0,"",VLOOKUP($G2,Data!$G$3:$BA$2935,2,FALSE)) -> 'GENSAL' | J2: =PSSE!C4 -> 1 | K2: =IF($H2=0,"",VLOOKUP($G2,Data!$G$3:$BA$2935,4,FALSE)) -> 5 | L2: =IF($H2=0,"",VLOOKUP($G2,Data!$G$3:$BA$2935,5,FALSE)) -> 0.05 | M2: =IF($H2=0,"",VLOOKUP($G2,Data!$G$3:$BA$2935,6,FALSE)) -> 0.2 | N2: =IF($H2=0,"",VLOOKUP($G2,Data!$G$3:$BA$2935,7,FALSE)) -> 5 | O2: =IF($H2=0,"",VLOOKUP($G2,Data!$G$3:$BA$2935,8,FALSE)) -> 0 | P2: =IF($H2=0,"",VLOOKUP($G2,Data!$G$3:$BA$2935,9,FALSE)) -> 1 | Q2: =IF($H2=0,"",VLOOKUP($G2,Data!$G$3:$BA$2935,10,FALSE)) -> 0.75 | R2: =IF($H2=0,"",VLOOKUP($G2,Data!$G$3:$BA$2935,11,FALSE)) -> 0.4 | S2: =IF($H2=0,"",VLOOKUP($G2,Data!$G$3:$BA$2935,12,FALSE)) -> 0.22 | T2: =IF($H2=0,"",VLOOKUP($G2,Data!$G$3:$BA$2935,13,FALSE)) -> 0.1 | U2: =IF($H2=0,"",VLOOKUP($G2,Data!$G$3:$BA$2935,14,FALSE)) -> 0.11 | V2: =IF($H2=0,"",VLOOKUP($G2,Data!$G$3:$BA$2935,15,FALSE)) -> 0.62 | W2: =IF($H2=0,"",VLOOKUP($G2,Data!$G$3:$BA$2935,16,FALSE)) -> / | X2: =IF($H2=0,"",VLOOKUP($G2,Data!$G$3:$BA$2935,17,FALSE)) -> / | Y2: =IF($H2=0,"",VLOOKUP($G2,Data!$G$3:$BA$2935,18,FALSE)) -> / | Z2: =IF($H2=0,"",VLOOKUP($G2,Data!$G$3:$BA$2935,19,FALSE)) -> / | AA2: =IF($H2=0,"",VLOOKUP($G2,Data!$G$3:$BA$2935,20,FALSE)) | AB2: =IF($H2=0,"",VLOOKUP($G2,Data!$G$3:$BA$2935,21,FALSE)) | AC2: =IF($H2=0,"",VLOOKUP($G2,Data!$G$3:$BA$2935,22,FALSE)) | AD2: =IF($H2=0,"",VLOOKUP($G2,Data!$G$3:$BA$2935,23,FALSE)) | AE2: =IF($H2=0,"",VLOOKUP($G2,Data!$G$3:$BA$2935,24,FALSE)) | AF2: =IF($H2=0,"",VLOOKUP($G2,Data!$G$3:$BA$2935,25,FALSE)) | AG2: =IF($H2=0,"",VLOOKUP($G2,Data!$G$3:$BA$2935,26,FALSE)) | AH2: =IF($H2=0,"",VLOOKUP($G2,Data!$G$3:$BA$2935,27,FALSE)) | AI2: =IF($H2=0,"",VLOOKUP($G2,Data!$G$3:$BA$2935,28,FALSE)) | AJ2: =IF($H2=0,"",VLOOKUP($G2,Data!$G$3:$BA$2935,29,FALSE)) | AK2: =IF($H2=0,"",VLOOKUP($G2,Data!$G$3:$BA$2935,30,FALSE)) | AL2: =IF($H2=0,"",VLOOKUP($G2,Data!$G$3:$BA$2935,31,FALSE)) | AM2: =IF($H2=0,"",VLOOKUP($G2,Data!$G$3:$BA$2935,32,FALSE)) | AN2: =IF($H2=0,"",VLOOKUP($G2,Data!$G$3:$BA$2935,33,FALSE)) | AO2: =IF($H2=0,"",VLOOKUP($G2,Data!$G$3:$BA$2935,34,FALSE)) | AP2: =IF($H2=0,"",VLOOKUP($G2,Data!$G$3:$BA$2935,35,FALSE)) | AQ2: =IF($H2=0,"",VLOOKUP($G2,Data!$G$3:$BA$2935,36,FALSE)) | AR2: =IF($H2=0,"",VLOOKUP($G2,Data!$G$3:$BA$2935,37,FALSE)) | AS2: =IF($H2=0,"",VLOOKUP($G2,Data!$G$3:$BA$2935,38,FALSE)) | AT2: =IF($H2=0,"",VLOOKUP($G2,Data!$G$3:$BA$2935,39,FALSE))
A3: =PSSE!A5 -> 126047 | B3: =PSSE!B5 -> THAMCAU1 | C3: =PSSE!D5 -> 110 | D3: =PSSE!E5 -> 150 | E3: =PSSE!F5 -> TQ | F3: =PSSE!G5 -> 1 | G3: ="GEN"&C3&D3&E3&F3 -> GEN110150TQ1 | H3: =COUNTIF(Data!$G$3:$BA$2935,GEN!$G3) -> 1 | I3: =IF($H3=0,"",VLOOKUP($G3,Data!$G$3:$BA$2935,2,FALSE)) -> 'GENSAL' | J3: =PSSE!C5 -> 1 | K3: =IF($H3=0,"",VLOOKUP($G3,Data!$G$3:$BA$2935,4,FALSE)) -> 5 | L3: =IF($H3=0,"",VLOOKUP($G3,Data!$G$3:$BA$2935,5,FALSE)) -> 0.05 | M3: =IF($H3=0,"",VLOOKUP($G3,Data!$G$3:$BA$2935,6,FALSE)) -> 0.2 | N3: =IF($H3=0,"",VLOOKUP($G3,Data!$G$3:$BA$2935,7,FALSE)) -> 5 | O3: =IF($H3=0,"",VLOOKUP($G3,Data!$G$3:$BA$2935,8,FALSE)) -> 0 | P3: =IF($H3=0,"",VLOOKUP($G3,Data!$G$3:$BA$2935,9,FALSE)) -> 1 | Q3: =IF($H3=0,"",VLOOKUP($G3,Data!$G$3:$BA$2935,10,FALSE)) -> 0.75 | R3: =IF($H3=0,"",VLOOKUP($G3,Data!$G$3:$BA$2935,11,FALSE)) -> 0.4 | S3: =IF($H3=0,"",VLOOKUP($G3,Data!$G$3:$BA$2935,12,FALSE)) -> 0.22 | T3: =IF($H3=0,"",VLOOKUP($G3,Data!$G$3:$BA$2935,13,FALSE)) -> 0.1 | U3: =IF($H3=0,"",VLOOKUP($G3,Data!$G$3:$BA$2935,14,FALSE)) -> 0.11 | V3: =IF($H3=0,"",VLOOKUP($G3,Data!$G$3:$BA$2935,15,FALSE)) -> 0.62 | W3: =IF($H3=0,"",VLOOKUP($G3,Data!$G$3:$BA$2935,16,FALSE)) -> / | X3: =IF($H3=0,"",VLOOKUP($G3,Data!$G$3:$BA$2935,17,FALSE)) -> / | Y3: =IF($H3=0,"",VLOOKUP($G3,Data!$G$3:$BA$2935,18,FALSE)) -> / | Z3: =IF($H3=0,"",VLOOKUP($G3,Data!$G$3:$BA$2935,19,FALSE)) -> / | AA3: =IF($H3=0,"",VLOOKUP($G3,Data!$G$3:$BA$2935,20,FALSE)) | AB3: =IF($H3=0,"",VLOOKUP($G3,Data!$G$3:$BA$2935,21,FALSE)) | AC3: =IF($H3=0,"",VLOOKUP($G3,Data!$G$3:$BA$2935,22,FALSE)) | AD3: =IF($H3=0,"",VLOOKUP($G3,Data!$G$3:$BA$2935,23,FALSE)) | AE3: =IF($H3=0,"",VLOOKUP($G3,Data!$G$3:$BA$2935,24,FALSE)) | AF3: =IF($H3=0,"",VLOOKUP($G3,Data!$G$3:$BA$2935,25,FALSE)) | AG3: =IF($H3=0,"",VLOOKUP($G3,Data!$G$3:$BA$2935,26,FALSE)) | AH3: =IF($H3=0,"",VLOOKUP($G3,Data!$G$3:$BA$2935,27,FALSE)) | AI3: =IF($H3=0,"",VLOOKUP($G3,Data!$G$3:$BA$2935,28,FALSE)) | AJ3: =IF($H3=0,"",VLOOKUP($G3,Data!$G$3:$BA$2935,29,FALSE)) | AK3: =IF($H3=0,"",VLOOKUP($G3,Data!$G$3:$BA$2935,30,FALSE)) | AL3: =IF($H3=0,"",VLOOKUP($G3,Data!$G$3:$BA$2935,31,FALSE)) | AM3: =IF($H3=0,"",VLOOKUP($G3,Data!$G$3:$BA$2935,32,FALSE)) | AN3: =IF($H3=0,"",VLOOKUP($G3,Data!$G$3:$BA$2935,33,FALSE)) | AO3: =IF($H3=0,"",VLOOKUP($G3,Data!$G$3:$BA$2935,34,FALSE)) | AP3: =IF($H3=0,"",VLOOKUP($G3,Data!$G$3:$BA$2935,35,FALSE)) | AQ3: =IF($H3=0,"",VLOOKUP($G3,Data!$G$3:$BA$2935,36,FALSE)) | AR3: =IF($H3=0,"",VLOOKUP($G3,Data!$G$3:$BA$2935,37,FALSE)) | AS3: =IF($H3=0,"",VLOOKUP($G3,Data!$G$3:$BA$2935,38,FALSE)) | AT3: =IF($H3=0,"",VLOOKUP($G3,Data!$G$3:$BA$2935,39,FALSE))
A4: =PSSE!A6 -> 151019 | B4: =PSSE!B6 -> TD_NHO | C4: =PSSE!D6 -> 110 | D4: =PSSE!E6 -> 10 | E4: =PSSE!F6 -> TQ | F4: =PSSE!G6 -> 1 | G4: ="GEN"&C4&D4&E4&F4 -> GEN11010TQ1 | H4: =COUNTIF(Data!$G$3:$BA$2935,GEN!$G4) -> 0 | I4: =IF($H4=0,"",VLOOKUP($G4,Data!$G$3:$BA$2935,2,FALSE)) | J4: =PSSE!C6 -> 1 | K4: =IF($H4=0,"",VLOOKUP($G4,Data!$G$3:$BA$2935,4,FALSE)) | L4: =IF($H4=0,"",VLOOKUP($G4,Data!$G$3:$BA$2935,5,FALSE)) | M4: =IF($H4=0,"",VLOOKUP($G4,Data!$G$3:$BA$2935,6,FALSE)) | N4: =IF($H4=0,"",VLOOKUP($G4,Data!$G$3:$BA$2935,7,FALSE)) | O4: =IF($H4=0,"",VLOOKUP($G4,Data!$G$3:$BA$2935,8,FALSE)) | P4: =IF($H4=0,"",VLOOKUP($G4,Data!$G$3:$BA$2935,9,FALSE)) | Q4: =IF($H4=0,"",VLOOKUP($G4,Data!$G$3:$BA$2935,10,FALSE)) | R4: =IF($H4=0,"",VLOOKUP($G4,Data!$G$3:$BA$2935,11,FALSE)) | S4: =IF($H4=0,"",VLOOKUP($G4,Data!$G$3:$BA$2935,12,FALSE)) | T4: =IF($H4=0,"",VLOOKUP($G4,Data!$G$3:$BA$2935,13,FALSE)) | U4: =IF($H4=0,"",VLOOKUP($G4,Data!$G$3:$BA$2935,14,FALSE)) | V4: =IF($H4=0,"",VLOOKUP($G4,Data!$G$3:$BA$2935,15,FALSE)) | W4: =IF($H4=0,"",VLOOKUP($G4,Data!$G$3:$BA$2935,16,FALSE)) | X4: =IF($H4=0,"",VLOOKUP($G4,Data!$G$3:$BA$2935,17,FALSE)) | Y4: =IF($H4=0,"",VLOOKUP($G4,Data!$G$3:$BA$2935,18,FALSE)) | Z4: =IF($H4=0,"",VLOOKUP($G4,Data!$G$3:$BA$2935,19,FALSE)) | AA4: =IF($H4=0,"",VLOOKUP($G4,Data!$G$3:$BA$2935,20,FALSE)) | AB4: =IF($H4=0,"",VLOOKUP($G4,Data!$G$3:$BA$2935,21,FALSE)) | AC4: =IF($H4=0,"",VLOOKUP($G4,Data!$G$3:$BA$2935,22,FALSE)) | AD4: =IF($H4=0,"",VLOOKUP($G4,Data!$G$3:$BA$2935,23,FALSE)) | AE4: =IF($H4=0,"",VLOOKUP($G4,Data!$G$3:$BA$2935,24,FALSE)) | AF4: =IF($H4=0,"",VLOOKUP($G4,Data!$G$3:$BA$2935,25,FALSE)) | AG4: =IF($H4=0,"",VLOOKUP($G4,Data!$G$3:$BA$2935,26,FALSE)) | AH4: =IF($H4=0,"",VLOOKUP($G4,Data!$G$3:$BA$2935,27,FALSE)) | AI4: =IF($H4=0,"",VLOOKUP($G4,Data!$G$3:$BA$2935,28,FALSE)) | AJ4: =IF($H4=0,"",VLOOKUP($G4,Data!$G$3:$BA$2935,29,FALSE)) | AK4: =IF($H4=0,"",VLOOKUP($G4,Data!$G$3:$BA$2935,30,FALSE)) | AL4: =IF($H4=0,"",VLOOKUP($G4,Data!$G$3:$BA$2935,31,FALSE)) | AM4: =IF($H4=0,"",VLOOKUP($G4,Data!$G$3:$BA$2935,32,FALSE)) | AN4: =IF($H4=0,"",VLOOKUP($G4,Data!$G$3:$BA$2935,33,FALSE)) | AO4: =IF($H4=0,"",VLOOKUP($G4,Data!$G$3:$BA$2935,34,FALSE)) | AP4: =IF($H4=0,"",VLOOKUP($G4,Data!$G$3:$BA$2935,35,FALSE)) | AQ4: =IF($H4=0,"",VLOOKUP($G4,Data!$G$3:$BA$2935,36,FALSE)) | AR4: =IF($H4=0,"",VLOOKUP($G4,Data!$G$3:$BA$2935,37,FALSE)) | AS4: =IF($H4=0,"",VLOOKUP($G4,Data!$G$3:$BA$2935,38,FALSE)) | AT4: =IF($H4=0,"",VLOOKUP($G4,Data!$G$3:$BA$2935,39,FALSE))
A5: =PSSE!A7 -> 151027 | B5: =PSSE!B7 -> VANXA | C5: =PSSE!D7 -> 110 | D5: =PSSE!E7 -> 25 | E5: =PSSE!F7 -> TQ | F5: =PSSE!G7 -> 1 | G5: ="GEN"&C5&D5&E5&F5 -> GEN11025TQ1 | H5: =COUNTIF(Data!$G$3:$BA$2935,GEN!$G5) -> 0 | I5: =IF($H5=0,"",VLOOKUP($G5,Data!$G$3:$BA$2935,2,FALSE)) | J5: =PSSE!C7 -> 1 | K5: =IF($H5=0,"",VLOOKUP($G5,Data!$G$3:$BA$2935,4,FALSE)) | L5: =IF($H5=0,"",VLOOKUP($G5,Data!$G$3:$BA$2935,5,FALSE)) | M5: =IF($H5=0,"",VLOOKUP($G5,Data!$G$3:$BA$2935,6,FALSE)) | N5: =IF($H5=0,"",VLOOKUP($G5,Data!$G$3:$BA$2935,7,FALSE)) | O5: =IF($H5=0,"",VLOOKUP($G5,Data!$G$3:$BA$2935,8,FALSE)) | P5: =IF($H5=0,"",VLOOKUP($G5,Data!$G$3:$BA$2935,9,FALSE)) | Q5: =IF($H5=0,"",VLOOKUP($G5,Data!$G$3:$BA$2935,10,FALSE)) | R5: =IF($H5=0,"",VLOOKUP($G5,Data!$G$3:$BA$2935,11,FALSE)) | S5: =IF($H5=0,"",VLOOKUP($G5,Data!$G$3:$BA$2935,12,FALSE)) | T5: =IF($H5=0,"",VLOOKUP($G5,Data!$G$3:$BA$2935,13,FALSE)) | U5: =IF($H5=0,"",VLOOKUP($G5,Data!$G$3:$BA$2935,14,FALSE)) | V5: =IF($H5=0,"",VLOOKUP($G5,Data!$G$3:$BA$2935,15,FALSE)) | W5: =IF($H5=0,"",VLOOKUP($G5,Data!$G$3:$BA$2935,16,FALSE)) | X5: =IF($H5=0,"",VLOOKUP($G5,Data!$G$3:$BA$2935,17,FALSE)) | Y5: =IF($H5=0,"",VLOOKUP($G5,Data!$G$3:$BA$2935,18,FALSE)) | Z5: =IF($H5=0,"",VLOOKUP($G5,Data!$G$3:$BA$2935,19,FALSE)) | AA5: =IF($H5=0,"",VLOOKUP($G5,Data!$G$3:$BA$2935,20,FALSE)) | AB5: =IF($H5=0,"",VLOOKUP($G5,Data!$G$3:$BA$2935,21,FALSE)) | AC5: =IF($H5=0,"",VLOOKUP($G5,Data!$G$3:$BA$2935,22,FALSE)) | AD5: =IF($H5=0,"",VLOOKUP($G5,Data!$G$3:$BA$2935,23,FALSE)) | AE5: =IF($H5=0,"",VLOOKUP($G5,Data!$G$3:$BA$2935,24,FALSE)) | AF5: =IF($H5=0,"",VLOOKUP($G5,Data!$G$3:$BA$2935,25,FALSE)) | AG5: =IF($H5=0,"",VLOOKUP($G5,Data!$G$3:$BA$2935,26,FALSE)) | AH5: =IF($H5=0,"",VLOOKUP($G5,Data!$G$3:$BA$2935,27,FALSE)) | AI5: =IF($H5=0,"",VLOOKUP($G5,Data!$G$3:$BA$2935,28,FALSE)) | AJ5: =IF($H5=0,"",VLOOKUP($G5,Data!$G$3:$BA$2935,29,FALSE)) | AK5: =IF($H5=0,"",VLOOKUP($G5,Data!$G$3:$BA$2935,30,FALSE)) | AL5: =IF($H5=0,"",VLOOKUP($G5,Data!$G$3:$BA$2935,31,FALSE)) | AM5: =IF($H5=0,"",VLOOKUP($G5,Data!$G$3:$BA$2935,32,FALSE)) | AN5: =IF($H5=0,"",VLOOKUP($G5,Data!$G$3:$BA$2935,33,FALSE)) | AO5: =IF($H5=0,"",VLOOKUP($G5,Data!$G$3:$BA$2935,34,FALSE)) | AP5: =IF($H5=0,"",VLOOKUP($G5,Data!$G$3:$BA$2935,35,FALSE)) | AQ5: =IF($H5=0,"",VLOOKUP($G5,Data!$G$3:$BA$2935,36,FALSE)) | AR5: =IF($H5=0,"",VLOOKUP($G5,Data!$G$3:$BA$2935,37,FALSE)) | AS5: =IF($H5=0,"",VLOOKUP($G5,Data!$G$3:$BA$2935,38,FALSE)) | AT5: =IF($H5=0,"",VLOOKUP($G5,Data!$G$3:$BA$2935,39,FALSE))
A6: =PSSE!A8 -> 151028 | B6: =PSSE!B8 -> DONGLAM | C6: =PSSE!D8 -> 110 | D6: =PSSE!E8 -> 27 | E6: =PSSE!F8 -> TQ | F6: =PSSE!G8 -> 1 | G6: ="GEN"&C6&D6&E6&F6 -> GEN11027TQ1 | H6: =COUNTIF(Data!$G$3:$BA$2935,GEN!$G6) -> 0 | I6: =IF($H6=0,"",VLOOKUP($G6,Data!$G$3:$BA$2935,2,FALSE)) | J6: =PSSE!C8 -> 1 | K6: =IF($H6=0,"",VLOOKUP($G6,Data!$G$3:$BA$2935,4,FALSE)) | L6: =IF($H6=0,"",VLOOKUP($G6,Data!$G$3:$BA$2935,5,FALSE)) | M6: =IF($H6=0,"",VLOOKUP($G6,Data!$G$3:$BA$2935,6,FALSE)) | N6: =IF($H6=0,"",VLOOKUP($G6,Data!$G$3:$BA$2935,7,FALSE)) | O6: =IF($H6=0,"",VLOOKUP($G6,Data!$G$3:$BA$2935,8,FALSE)) | P6: =IF($H6=0,"",VLOOKUP($G6,Data!$G$3:$BA$2935,9,FALSE)) | Q6: =IF($H6=0,"",VLOOKUP($G6,Data!$G$3:$BA$2935,10,FALSE)) | R6: =IF($H6=0,"",VLOOKUP($G6,Data!$G$3:$BA$2935,11,FALSE)) | S6: =IF($H6=0,"",VLOOKUP($G6,Data!$G$3:$BA$2935,12,FALSE)) | T6: =IF($H6=0,"",VLOOKUP($G6,Data!$G$3:$BA$2935,13,FALSE)) | U6: =IF($H6=0,"",VLOOKUP($G6,Data!$G$3:$BA$2935,14,FALSE)) | V6: =IF($H6=0,"",VLOOKUP($G6,Data!$G$3:$BA$2935,15,FALSE)) | W6: =IF($H6=0,"",VLOOKUP($G6,Data!$G$3:$BA$2935,16,FALSE)) | X6: =IF($H6=0,"",VLOOKUP($G6,Data!$G$3:$BA$2935,17,FALSE)) | Y6: =IF($H6=0,"",VLOOKUP($G6,Data!$G$3:$BA$2935,18,FALSE)) | Z6: =IF($H6=0,"",VLOOKUP($G6,Data!$G$3:$BA$2935,19,FALSE)) | AA6: =IF($H6=0,"",VLOOKUP($G6,Data!$G$3:$BA$2935,20,FALSE)) | AB6: =IF($H6=0,"",VLOOKUP($G6,Data!$G$3:$BA$2935,21,FALSE)) | AC6: =IF($H6=0,"",VLOOKUP($G6,Data!$G$3:$BA$2935,22,FALSE)) | AD6: =IF($H6=0,"",VLOOKUP($G6,Data!$G$3:$BA$2935,23,FALSE)) | AE6: =IF($H6=0,"",VLOOKUP($G6,Data!$G$3:$BA$2935,24,FALSE)) | AF6: =IF($H6=0,"",VLOOKUP($G6,Data!$G$3:$BA$2935,25,FALSE)) | AG6: =IF($H6=0,"",VLOOKUP($G6,Data!$G$3:$BA$2935,26,FALSE)) | AH6: =IF($H6=0,"",VLOOKUP($G6,Data!$G$3:$BA$2935,27,FALSE)) | AI6: =IF($H6=0,"",VLOOKUP($G6,Data!$G$3:$BA$2935,28,FALSE)) | AJ6: =IF($H6=0,"",VLOOKUP($G6,Data!$G$3:$BA$2935,29,FALSE)) | AK6: =IF($H6=0,"",VLOOKUP($G6,Data!$G$3:$BA$2935,30,FALSE)) | AL6: =IF($H6=0,"",VLOOKUP($G6,Data!$G$3:$BA$2935,31,FALSE)) | AM6: =IF($H6=0,"",VLOOKUP($G6,Data!$G$3:$BA$2935,32,FALSE)) | AN6: =IF($H6=0,"",VLOOKUP($G6,Data!$G$3:$BA$2935,33,FALSE)) | AO6: =IF($H6=0,"",VLOOKUP($G6,Data!$G$3:$BA$2935,34,FALSE)) | AP6: =IF($H6=0,"",VLOOKUP($G6,Data!$G$3:$BA$2935,35,FALSE)) | AQ6: =IF($H6=0,"",VLOOKUP($G6,Data!$G$3:$BA$2935,36,FALSE)) | AR6: =IF($H6=0,"",VLOOKUP($G6,Data!$G$3:$BA$2935,37,FALSE)) | AS6: =IF($H6=0,"",VLOOKUP($G6,Data!$G$3:$BA$2935,38,FALSE)) | AT6: =IF($H6=0,"",VLOOKUP($G6,Data!$G$3:$BA$2935,39,FALSE))
A7: =PSSE!A9 -> 152027 | B7: =PSSE!B9 -> TD_TATRACH | C7: =PSSE!D9 -> 110 | D7: =PSSE!E9 -> 13 | E7: =PSSE!F9 -> TQ | F7: =PSSE!G9 -> 1 | G7: ="GEN"&C7&D7&E7&F7 -> GEN11013TQ1 | H7: =COUNTIF(Data!$G$3:$BA$2935,GEN!$G7) -> 0 | I7: =IF($H7=0,"",VLOOKUP($G7,Data!$G$3:$BA$2935,2,FALSE)) | J7: =PSSE!C9 -> 1 | K7: =IF($H7=0,"",VLOOKUP($G7,Data!$G$3:$BA$2935,4,FALSE)) | L7: =IF($H7=0,"",VLOOKUP($G7,Data!$G$3:$BA$2935,5,FALSE)) | M7: =IF($H7=0,"",VLOOKUP($G7,Data!$G$3:$BA$2935,6,FALSE)) | N7: =IF($H7=0,"",VLOOKUP($G7,Data!$G$3:$BA$2935,7,FALSE)) | O7: =IF($H7=0,"",VLOOKUP($G7,Data!$G$3:$BA$2935,8,FALSE)) | P7: =IF($H7=0,"",VLOOKUP($G7,Data!$G$3:$BA$2935,9,FALSE)) | Q7: =IF($H7=0,"",VLOOKUP($G7,Data!$G$3:$BA$2935,10,FALSE)) | R7: =IF($H7=0,"",VLOOKUP($G7,Data!$G$3:$BA$2935,11,FALSE)) | S7: =IF($H7=0,"",VLOOKUP($G7,Data!$G$3:$BA$2935,12,FALSE)) | T7: =IF($H7=0,"",VLOOKUP($G7,Data!$G$3:$BA$2935,13,FALSE)) | U7: =IF($H7=0,"",VLOOKUP($G7,Data!$G$3:$BA$2935,14,FALSE)) | V7: =IF($H7=0,"",VLOOKUP($G7,Data!$G$3:$BA$2935,15,FALSE)) | W7: =IF($H7=0,"",VLOOKUP($G7,Data!$G$3:$BA$2935,16,FALSE)) | X7: =IF($H7=0,"",VLOOKUP($G7,Data!$G$3:$BA$2935,17,FALSE)) | Y7: =IF($H7=0,"",VLOOKUP($G7,Data!$G$3:$BA$2935,18,FALSE)) | Z7: =IF($H7=0,"",VLOOKUP($G7,Data!$G$3:$BA$2935,19,FALSE)) | AA7: =IF($H7=0,"",VLOOKUP($G7,Data!$G$3:$BA$2935,20,FALSE)) | AB7: =IF($H7=0,"",VLOOKUP($G7,Data!$G$3:$BA$2935,21,FALSE)) | AC7: =IF($H7=0,"",VLOOKUP($G7,Data!$G$3:$BA$2935,22,FALSE)) | AD7: =IF($H7=0,"",VLOOKUP($G7,Data!$G$3:$BA$2935,23,FALSE)) | AE7: =IF($H7=0,"",VLOOKUP($G7,Data!$G$3:$BA$2935,24,FALSE)) | AF7: =IF($H7=0,"",VLOOKUP($G7,Data!$G$3:$BA$2935,25,FALSE)) | AG7: =IF($H7=0,"",VLOOKUP($G7,Data!$G$3:$BA$2935,26,FALSE)) | AH7: =IF($H7=0,"",VLOOKUP($G7,Data!$G$3:$BA$2935,27,FALSE)) | AI7: =IF($H7=0,"",VLOOKUP($G7,Data!$G$3:$BA$2935,28,FALSE)) | AJ7: =IF($H7=0,"",VLOOKUP($G7,Data!$G$3:$BA$2935,29,FALSE)) | AK7: =IF($H7=0,"",VLOOKUP($G7,Data!$G$3:$BA$2935,30,FALSE)) | AL7: =IF($H7=0,"",VLOOKUP($G7,Data!$G$3:$BA$2935,31,FALSE)) | AM7: =IF($H7=0,"",VLOOKUP($G7,Data!$G$3:$BA$2935,32,FALSE)) | AN7: =IF($H7=0,"",VLOOKUP($G7,Data!$G$3:$BA$2935,33,FALSE)) | AO7: =IF($H7=0,"",VLOOKUP($G7,Data!$G$3:$BA$2935,34,FALSE)) | AP7: =IF($H7=0,"",VLOOKUP($G7,Data!$G$3:$BA$2935,35,FALSE)) | AQ7: =IF($H7=0,"",VLOOKUP($G7,Data!$G$3:$BA$2935,36,FALSE)) | AR7: =IF($H7=0,"",VLOOKUP($G7,Data!$G$3:$BA$2935,37,FALSE)) | AS7: =IF($H7=0,"",VLOOKUP($G7,Data!$G$3:$BA$2935,38,FALSE)) | AT7: =IF($H7=0,"",VLOOKUP($G7,Data!$G$3:$BA$2935,39,FALSE))
A8: =PSSE!A10 -> 213019 | B8: =PSSE!B10 -> MAGUAN2 | C8: =PSSE!D10 -> 220 | D8: =PSSE!E10 -> 300 | E8: =PSSE!F10 -> TQ | F8: =PSSE!G10 -> 1 | G8: ="GEN"&C8&D8&E8&F8 -> GEN220300TQ1 | H8: =COUNTIF(Data!$G$3:$BA$2935,GEN!$G8) -> 1 | I8: =IF($H8=0,"",VLOOKUP($G8,Data!$G$3:$BA$2935,2,FALSE)) -> 'GENSAL' | J8: =PSSE!C10 -> 1 | K8: =IF($H8=0,"",VLOOKUP($G8,Data!$G$3:$BA$2935,4,FALSE)) -> 5 | L8: =IF($H8=0,"",VLOOKUP($G8,Data!$G$3:$BA$2935,5,FALSE)) -> 0.05 | M8: =IF($H8=0,"",VLOOKUP($G8,Data!$G$3:$BA$2935,6,FALSE)) -> 0.2 | N8: =IF($H8=0,"",VLOOKUP($G8,Data!$G$3:$BA$2935,7,FALSE)) -> 5 | O8: =IF($H8=0,"",VLOOKUP($G8,Data!$G$3:$BA$2935,8,FALSE)) -> 0 | P8: =IF($H8=0,"",VLOOKUP($G8,Data!$G$3:$BA$2935,9,FALSE)) -> 1 | Q8: =IF($H8=0,"",VLOOKUP($G8,Data!$G$3:$BA$2935,10,FALSE)) -> 0.75 | R8: =IF($H8=0,"",VLOOKUP($G8,Data!$G$3:$BA$2935,11,FALSE)) -> 0.4 | S8: =IF($H8=0,"",VLOOKUP($G8,Data!$G$3:$BA$2935,12,FALSE)) -> 0.22 | T8: =IF($H8=0,"",VLOOKUP($G8,Data!$G$3:$BA$2935,13,FALSE)) -> 0.1 | U8: =IF($H8=0,"",VLOOKUP($G8,Data!$G$3:$BA$2935,14,FALSE)) -> 0.11 | V8: =IF($H8=0,"",VLOOKUP($G8,Data!$G$3:$BA$2935,15,FALSE)) -> 0.62 | W8: =IF($H8=0,"",VLOOKUP($G8,Data!$G$3:$BA$2935,16,FALSE)) -> / | X8: =IF($H8=0,"",VLOOKUP($G8,Data!$G$3:$BA$2935,17,FALSE)) -> / | Y8: =IF($H8=0,"",VLOOKUP($G8,Data!$G$3:$BA$2935,18,FALSE)) | Z8: =IF($H8=0,"",VLOOKUP($G8,Data!$G$3:$BA$2935,19,FALSE)) | AA8: =IF($H8=0,"",VLOOKUP($G8,Data!$G$3:$BA$2935,20,FALSE)) | AB8: =IF($H8=0,"",VLOOKUP($G8,Data!$G$3:$BA$2935,21,FALSE)) | AC8: =IF($H8=0,"",VLOOKUP($G8,Data!$G$3:$BA$2935,22,FALSE)) | AD8: =IF($H8=0,"",VLOOKUP($G8,Data!$G$3:$BA$2935,23,FALSE)) | AE8: =IF($H8=0,"",VLOOKUP($G8,Data!$G$3:$BA$2935,24,FALSE)) | AF8: =IF($H8=0,"",VLOOKUP($G8,Data!$G$3:$BA$2935,25,FALSE)) | AG8: =IF($H8=0,"",VLOOKUP($G8,Data!$G$3:$BA$2935,26,FALSE)) | AH8: =IF($H8=0,"",VLOOKUP($G8,Data!$G$3:$BA$2935,27,FALSE)) | AI8: =IF($H8=0,"",VLOOKUP($G8,Data!$G$3:$BA$2935,28,FALSE)) | AJ8: =IF($H8=0,"",VLOOKUP($G8,Data!$G$3:$BA$2935,29,FALSE)) | AK8: =IF($H8=0,"",VLOOKUP($G8,Data!$G$3:$BA$2935,30,FALSE)) | AL8: =IF($H8=0,"",VLOOKUP($G8,Data!$G$3:$BA$2935,31,FALSE)) | AM8: =IF($H8=0,"",VLOOKUP($G8,Data!$G$3:$BA$2935,32,FALSE)) | AN8: =IF($H8=0,"",VLOOKUP($G8,Data!$G$3:$BA$2935,33,FALSE)) | AO8: =IF($H8=0,"",VLOOKUP($G8,Data!$G$3:$BA$2935,34,FALSE)) | AP8: =IF($H8=0,"",VLOOKUP($G8,Data!$G$3:$BA$2935,35,FALSE)) | AQ8: =IF($H8=0,"",VLOOKUP($G8,Data!$G$3:$BA$2935,36,FALSE)) | AR8: =IF($H8=0,"",VLOOKUP($G8,Data!$G$3:$BA$2935,37,FALSE)) | AS8: =IF($H8=0,"",VLOOKUP($G8,Data!$G$3:$BA$2935,38,FALSE)) | AT8: =IF($H8=0,"",VLOOKUP($G8,Data!$G$3:$BA$2935,39,FALSE))
A9: =PSSE!A11 -> 216011 | B9: =PSSE!B11 -> TANKIEU2 | C9: =PSSE!D11 -> 220 | D9: =PSSE!E11 -> 300 | E9: =PSSE!F11 -> TQ | F9: =PSSE!G11 -> 1 | G9: ="GEN"&C9&D9&E9&F9 -> GEN220300TQ1 | H9: =COUNTIF(Data!$G$3:$BA$2935,GEN!$G9) -> 1 | I9: =IF($H9=0,"",VLOOKUP($G9,Data!$G$3:$BA$2935,2,FALSE)) -> 'GENSAL' | J9: =PSSE!C11 -> 1 | K9: =IF($H9=0,"",VLOOKUP($G9,Data!$G$3:$BA$2935,4,FALSE)) -> 5 | L9: =IF($H9=0,"",VLOOKUP($G9,Data!$G$3:$BA$2935,5,FALSE)) -> 0.05 | M9: =IF($H9=0,"",VLOOKUP($G9,Data!$G$3:$BA$2935,6,FALSE)) -> 0.2 | N9: =IF($H9=0,"",VLOOKUP($G9,Data!$G$3:$BA$2935,7,FALSE)) -> 5 | O9: =IF($H9=0,"",VLOOKUP($G9,Data!$G$3:$BA$2935,8,FALSE)) -> 0 | P9: =IF($H9=0,"",VLOOKUP($G9,Data!$G$3:$BA$2935,9,FALSE)) -> 1 | Q9: =IF($H9=0,"",VLOOKUP($G9,Data!$G$3:$BA$2935,10,FALSE)) -> 0.75 | R9: =IF($H9=0,"",VLOOKUP($G9,Data!$G$3:$BA$2935,11,FALSE)) -> 0.4 | S9: =IF($H9=0,"",VLOOKUP($G9,Data!$G$3:$BA$2935,12,FALSE)) -> 0.22 | T9: =IF($H9=0,"",VLOOKUP($G9,Data!$G$3:$BA$2935,13,FALSE)) -> 0.1 | U9: =IF($H9=0,"",VLOOKUP($G9,Data!$G$3:$BA$2935,14,FALSE)) -> 0.11 | V9: =IF($H9=0,"",VLOOKUP($G9,Data!$G$3:$BA$2935,15,FALSE)) -> 0.62 | W9: =IF($H9=0,"",VLOOKUP($G9,Data!$G$3:$BA$2935,16,FALSE)) -> / | X9: =IF($H9=0,"",VLOOKUP($G9,Data!$G$3:$BA$2935,17,FALSE)) -> / | Y9: =IF($H9=0,"",VLOOKUP($G9,Data!$G$3:$BA$2935,18,FALSE)) | Z9: =IF($H9=0,"",VLOOKUP($G9,Data!$G$3:$BA$2935,19,FALSE)) | AA9: =IF($H9=0,"",VLOOKUP($G9,Data!$G$3:$BA$2935,20,FALSE)) | AB9: =IF($H9=0,"",VLOOKUP($G9,Data!$G$3:$BA$2935,21,FALSE)) | AC9: =IF($H9=0,"",VLOOKUP($G9,Data!$G$3:$BA$2935,22,FALSE)) | AD9: =IF($H9=0,"",VLOOKUP($G9,Data!$G$3:$BA$2935,23,FALSE)) | AE9: =IF($H9=0,"",VLOOKUP($G9,Data!$G$3:$BA$2935,24,FALSE)) | AF9: =IF($H9=0,"",VLOOKUP($G9,Data!$G$3:$BA$2935,25,FALSE)) | AG9: =IF($H9=0,"",VLOOKUP($G9,Data!$G$3:$BA$2935,26,FALSE)) | AH9: =IF($H9=0,"",VLOOKUP($G9,Data!$G$3:$BA$2935,27,FALSE)) | AI9: =IF($H9=0,"",VLOOKUP($G9,Data!$G$3:$BA$2935,28,FALSE)) | AJ9: =IF($H9=0,"",VLOOKUP($G9,Data!$G$3:$BA$2935,29,FALSE)) | AK9: =IF($H9=0,"",VLOOKUP($G9,Data!$G$3:$BA$2935,30,FALSE)) | AL9: =IF($H9=0,"",VLOOKUP($G9,Data!$G$3:$BA$2935,31,FALSE)) | AM9: =IF($H9=0,"",VLOOKUP($G9,Data!$G$3:$BA$2935,32,FALSE)) | AN9: =IF($H9=0,"",VLOOKUP($G9,Data!$G$3:$BA$2935,33,FALSE)) | AO9: =IF($H9=0,"",VLOOKUP($G9,Data!$G$3:$BA$2935,34,FALSE)) | AP9: =IF($H9=0,"",VLOOKUP($G9,Data!$G$3:$BA$2935,35,FALSE)) | AQ9: =IF($H9=0,"",VLOOKUP($G9,Data!$G$3:$BA$2935,36,FALSE)) | AR9: =IF($H9=0,"",VLOOKUP($G9,Data!$G$3:$BA$2935,37,FALSE)) | AS9: =IF($H9=0,"",VLOOKUP($G9,Data!$G$3:$BA$2935,38,FALSE)) | AT9: =IF($H9=0,"",VLOOKUP($G9,Data!$G$3:$BA$2935,39,FALSE))
A10: =PSSE!A12 -> 451011 | B10: =PSSE!B12 -> TD_QT_S1 | C10: =PSSE!D12 -> 13.8 | D10: =PSSE!E12 -> 25 | E10: =PSSE!F12 -> TQ | F10: =PSSE!G12 -> 1 | G10: ="GEN"&C10&D10&E10&F10 -> GEN13.825TQ1 | H10: =COUNTIF(Data!$G$3:$BA$2935,GEN!$G10) -> 0 | I10: =IF($H10=0,"",VLOOKUP($G10,Data!$G$3:$BA$2935,2,FALSE)) | J10: =PSSE!C12 -> 1 | K10: =IF($H10=0,"",VLOOKUP($G10,Data!$G$3:$BA$2935,4,FALSE)) | L10: =IF($H10=0,"",VLOOKUP($G10,Data!$G$3:$BA$2935,5,FALSE)) | M10: =IF($H10=0,"",VLOOKUP($G10,Data!$G$3:$BA$2935,6,FALSE)) | N10: =IF($H10=0,"",VLOOKUP($G10,Data!$G$3:$BA$2935,7,FALSE)) | O10: =IF($H10=0,"",VLOOKUP($G10,Data!$G$3:$BA$2935,8,FALSE)) | P10: =IF($H10=0,"",VLOOKUP($G10,Data!$G$3:$BA$2935,9,FALSE)) | Q10: =IF($H10=0,"",VLOOKUP($G10,Data!$G$3:$BA$2935,10,FALSE)) | R10: =IF($H10=0,"",VLOOKUP($G10,Data!$G$3:$BA$2935,11,FALSE)) | S10: =IF($H10=0,"",VLOOKUP($G10,Data!$G$3:$BA$2935,12,FALSE)) | T10: =IF($H10=0,"",VLOOKUP($G10,Data!$G$3:$BA$2935,13,FALSE)) | U10: =IF($H10=0,"",VLOOKUP($G10,Data!$G$3:$BA$2935,14,FALSE)) | V10: =IF($H10=0,"",VLOOKUP($G10,Data!$G$3:$BA$2935,15,FALSE)) | W10: =IF($H10=0,"",VLOOKUP($G10,Data!$G$3:$BA$2935,16,FALSE)) | X10: =IF($H10=0,"",VLOOKUP($G10,Data!$G$3:$BA$2935,17,FALSE)) | Y10: =IF($H10=0,"",VLOOKUP($G10,Data!$G$3:$BA$2935,18,FALSE)) | Z10: =IF($H10=0,"",VLOOKUP($G10,Data!$G$3:$BA$2935,19,FALSE)) | AA10: =IF($H10=0,"",VLOOKUP($G10,Data!$G$3:$BA$2935,20,FALSE)) | AB10: =IF($H10=0,"",VLOOKUP($G10,Data!$G$3:$BA$2935,21,FALSE)) | AC10: =IF($H10=0,"",VLOOKUP($G10,Data!$G$3:$BA$2935,22,FALSE)) | AD10: =IF($H10=0,"",VLOOKUP($G10,Data!$G$3:$BA$2935,23,FALSE)) | AE10: =IF($H10=0,"",VLOOKUP($G10,Data!$G$3:$BA$2935,24,FALSE)) | AF10: =IF($H10=0,"",VLOOKUP($G10,Data!$G$3:$BA$2935,25,FALSE)) | AG10: =IF($H10=0,"",VLOOKUP($G10,Data!$G$3:$BA$2935,26,FALSE)) | AH10: =IF($H10=0,"",VLOOKUP($G10,Data!$G$3:$BA$2935,27,FALSE)) | AI10: =IF($H10=0,"",VLOOKUP($G10,Data!$G$3:$BA$2935,28,FALSE)) | AJ10: =IF($H10=0,"",VLOOKUP($G10,Data!$G$3:$BA$2935,29,FALSE)) | AK10: =IF($H10=0,"",VLOOKUP($G10,Data!$G$3:$BA$2935,30,FALSE)) | AL10: =IF($H10=0,"",VLOOKUP($G10,Data!$G$3:$BA$2935,31,FALSE)) | AM10: =IF($H10=0,"",VLOOKUP($G10,Data!$G$3:$BA$2935,32,FALSE)) | AN10: =IF($H10=0,"",VLOOKUP($G10,Data!$G$3:$BA$2935,33,FALSE)) | AO10: =IF($H10=0,"",VLOOKUP($G10,Data!$G$3:$BA$2935,34,FALSE)) | AP10: =IF($H10=0,"",VLOOKUP($G10,Data!$G$3:$BA$2935,35,FALSE)) | AQ10: =IF($H10=0,"",VLOOKUP($G10,Data!$G$3:$BA$2935,36,FALSE)) | AR10: =IF($H10=0,"",VLOOKUP($G10,Data!$G$3:$BA$2935,37,FALSE)) | AS10: =IF($H10=0,"",VLOOKUP($G10,Data!$G$3:$BA$2935,38,FALSE)) | AT10: =IF($H10=0,"",VLOOKUP($G10,Data!$G$3:$BA$2935,39,FALSE))
A11: =PSSE!A13 -> 821012 | B11: =PSSE!B13 -> SVC_VIETTRI4 | C11: =PSSE!D13 -> 23 | D11: =PSSE!E13 -> 0 | E11: =PSSE!F13 -> SVC | F11: =PSSE!G13 -> 1 | G11: ="GEN"&C11&D11&E11&F11 -> GEN230SVC1 | H11: =COUNTIF(Data!$G$3:$BA$2935,GEN!$G11) -> 1 | I11: =IF($H11=0,"",VLOOKUP($G11,Data!$G$3:$BA$2935,2,FALSE)) -> 'GENROU' | J11: =PSSE!C13 -> 1 | K11: =IF($H11=0,"",VLOOKUP($G11,Data!$G$3:$BA$2935,4,FALSE)) -> 6.5 | L11: =IF($H11=0,"",VLOOKUP($G11,Data!$G$3:$BA$2935,5,FALSE)) -> 0.06 | M11: =IF($H11=0,"",VLOOKUP($G11,Data!$G$3:$BA$2935,6,FALSE)) -> 0.2 | N11: =IF($H11=0,"",VLOOKUP($G11,Data!$G$3:$BA$2935,7,FALSE)) -> 0.05 | O11: =IF($H11=0,"",VLOOKUP($G11,Data!$G$3:$BA$2935,8,FALSE)) -> 4 | P11: =IF($H11=0,"",VLOOKUP($G11,Data!$G$3:$BA$2935,9,FALSE)) -> 0 | Q11: =IF($H11=0,"",VLOOKUP($G11,Data!$G$3:$BA$2935,10,FALSE)) -> 1.8 | R11: =IF($H11=0,"",VLOOKUP($G11,Data!$G$3:$BA$2935,11,FALSE)) -> 1.75 | S11: =IF($H11=0,"",VLOOKUP($G11,Data!$G$3:$BA$2935,12,FALSE)) -> 0.6 | T11: =IF($H11=0,"",VLOOKUP($G11,Data!$G$3:$BA$2935,13,FALSE)) -> 0.8 | U11: =IF($H11=0,"",VLOOKUP($G11,Data!$G$3:$BA$2935,14,FALSE)) -> 0.3 | V11: =IF($H11=0,"",VLOOKUP($G11,Data!$G$3:$BA$2935,15,FALSE)) -> 0.15 | W11: =IF($H11=0,"",VLOOKUP($G11,Data!$G$3:$BA$2935,16,FALSE)) -> 0.09 | X11: =IF($H11=0,"",VLOOKUP($G11,Data!$G$3:$BA$2935,17,FALSE)) -> 0.38 | Y11: =IF($H11=0,"",VLOOKUP($G11,Data!$G$3:$BA$2935,18,FALSE)) -> / | Z11: =IF($H11=0,"",VLOOKUP($G11,Data!$G$3:$BA$2935,19,FALSE)) -> / | AA11: =IF($H11=0,"",VLOOKUP($G11,Data!$G$3:$BA$2935,20,FALSE)) | AB11: =IF($H11=0,"",VLOOKUP($G11,Data!$G$3:$BA$2935,21,FALSE)) | AC11: =IF($H11=0,"",VLOOKUP($G11,Data!$G$3:$BA$2935,22,FALSE)) | AD11: =IF($H11=0,"",VLOOKUP($G11,Data!$G$3:$BA$2935,23,FALSE)) | AE11: =IF($H11=0,"",VLOOKUP($G11,Data!$G$3:$BA$2935,24,FALSE)) | AF11: =IF($H11=0,"",VLOOKUP($G11,Data!$G$3:$BA$2935,25,FALSE)) | AG11: =IF($H11=0,"",VLOOKUP($G11,Data!$G$3:$BA$2935,26,FALSE)) | AH11: =IF($H11=0,"",VLOOKUP($G11,Data!$G$3:$BA$2935,27,FALSE)) | AI11: =IF($H11=0,"",VLOOKUP($G11,Data!$G$3:$BA$2935,28,FALSE)) | AJ11: =IF($H11=0,"",VLOOKUP($G11,Data!$G$3:$BA$2935,29,FALSE)) | AK11: =IF($H11=0,"",VLOOKUP($G11,Data!$G$3:$BA$2935,30,FALSE)) | AL11: =IF($H11=0,"",VLOOKUP($G11,Data!$G$3:$BA$2935,31,FALSE)) | AM11: =IF($H11=0,"",VLOOKUP($G11,Data!$G$3:$BA$2935,32,FALSE)) | AN11: =IF($H11=0,"",VLOOKUP($G11,Data!$G$3:$BA$2935,33,FALSE)) | AO11: =IF($H11=0,"",VLOOKUP($G11,Data!$G$3:$BA$2935,34,FALSE)) | AP11: =IF($H11=0,"",VLOOKUP($G11,Data!$G$3:$BA$2935,35,FALSE)) | AQ11: =IF($H11=0,"",VLOOKUP($G11,Data!$G$3:$BA$2935,36,FALSE)) | AR11: =IF($H11=0,"",VLOOKUP($G11,Data!$G$3:$BA$2935,37,FALSE)) | AS11: =IF($H11=0,"",VLOOKUP($G11,Data!$G$3:$BA$2935,38,FALSE)) | AT11: =IF($H11=0,"",VLOOKUP($G11,Data!$G$3:$BA$2935,39,FALSE))
A12: =PSSE!A14 -> 910011 | B12: =PSSE!B14 -> BAOLAC_H1 | C12: =PSSE!D14 -> 15.8 | D12: =PSSE!E14 -> 180 | E12: =PSSE!F14 -> TD | F12: =PSSE!G14 -> 1 | G12: ="GEN"&C12&D12&E12&F12 -> GEN15.8180TD1 | H12: =COUNTIF(Data!$G$3:$BA$2935,GEN!$G12) -> 1 | I12: =IF($H12=0,"",VLOOKUP($G12,Data!$G$3:$BA$2935,2,FALSE)) -> 'GENSAL' | J12: =PSSE!C14 -> 1 | K12: =IF($H12=0,"",VLOOKUP($G12,Data!$G$3:$BA$2935,4,FALSE)) -> 7.2 | L12: =IF($H12=0,"",VLOOKUP($G12,Data!$G$3:$BA$2935,5,FALSE)) -> 0.123 | M12: =IF($H12=0,"",VLOOKUP($G12,Data!$G$3:$BA$2935,6,FALSE)) -> 0.075 | N12: =IF($H12=0,"",VLOOKUP($G12,Data!$G$3:$BA$2935,7,FALSE)) -> 4.677 | O12: =IF($H12=0,"",VLOOKUP($G12,Data!$G$3:$BA$2935,8,FALSE)) -> 0 | P12: =IF($H12=0,"",VLOOKUP($G12,Data!$G$3:$BA$2935,9,FALSE)) -> 0.87 | Q12: =IF($H12=0,"",VLOOKUP($G12,Data!$G$3:$BA$2935,10,FALSE)) -> 0.58 | R12: =IF($H12=0,"",VLOOKUP($G12,Data!$G$3:$BA$2935,11,FALSE)) -> 0.27 | S12: =IF($H12=0,"",VLOOKUP($G12,Data!$G$3:$BA$2935,12,FALSE)) -> 0.2 | T12: =IF($H12=0,"",VLOOKUP($G12,Data!$G$3:$BA$2935,13,FALSE)) -> 0.116 | U12: =IF($H12=0,"",VLOOKUP($G12,Data!$G$3:$BA$2935,14,FALSE)) -> 0.178 | V12: =IF($H12=0,"",VLOOKUP($G12,Data!$G$3:$BA$2935,15,FALSE)) -> 0.592 | W12: =IF($H12=0,"",VLOOKUP($G12,Data!$G$3:$BA$2935,16,FALSE)) -> / | X12: =IF($H12=0,"",VLOOKUP($G12,Data!$G$3:$BA$2935,17,FALSE)) -> / | Y12: =IF($H12=0,"",VLOOKUP($G12,Data!$G$3:$BA$2935,18,FALSE)) | Z12: =IF($H12=0,"",VLOOKUP($G12,Data!$G$3:$BA$2935,19,FALSE)) | AA12: =IF($H12=0,"",VLOOKUP($G12,Data!$G$3:$BA$2935,20,FALSE)) | AB12: =IF($H12=0,"",VLOOKUP($G12,Data!$G$3:$BA$2935,21,FALSE)) | AC12: =IF($H12=0,"",VLOOKUP($G12,Data!$G$3:$BA$2935,22,FALSE)) | AD12: =IF($H12=0,"",VLOOKUP($G12,Data!$G$3:$BA$2935,23,FALSE)) | AE12: =IF($H12=0,"",VLOOKUP($G12,Data!$G$3:$BA$2935,24,FALSE)) | AF12: =IF($H12=0,"",VLOOKUP($G12,Data!$G$3:$BA$2935,25,FALSE)) | AG12: =IF($H12=0,"",VLOOKUP($G12,Data!$G$3:$BA$2935,26,FALSE)) | AH12: =IF($H12=0,"",VLOOKUP($G12,Data!$G$3:$BA$2935,27,FALSE)) | AI12: =IF($H12=0,"",VLOOKUP($G12,Data!$G$3:$BA$2935,28,FALSE)) | AJ12: =IF($H12=0,"",VLOOKUP($G12,Data!$G$3:$BA$2935,29,FALSE)) | AK12: =IF($H12=0,"",VLOOKUP($G12,Data!$G$3:$BA$2935,30,FALSE)) | AL12: =IF($H12=0,"",VLOOKUP($G12,Data!$G$3:$BA$2935,31,FALSE)) | AM12: =IF($H12=0,"",VLOOKUP($G12,Data!$G$3:$BA$2935,32,FALSE)) | AN12: =IF($H12=0,"",VLOOKUP($G12,Data!$G$3:$BA$2935,33,FALSE)) | AO12: =IF($H12=0,"",VLOOKUP($G12,Data!$G$3:$BA$2935,34,FALSE)) | AP12: =IF($H12=0,"",VLOOKUP($G12,Data!$G$3:$BA$2935,35,FALSE)) | AQ12: =IF($H12=0,"",VLOOKUP($G12,Data!$G$3:$BA$2935,36,FALSE)) | AR12: =IF($H12=0,"",VLOOKUP($G12,Data!$G$3:$BA$2935,37,FALSE)) | AS12: =IF($H12=0,"",VLOOKUP($G12,Data!$G$3:$BA$2935,38,FALSE)) | AT12: =IF($H12=0,"",VLOOKUP($G12,Data!$G$3:$BA$2935,39,FALSE))
... A595: =PSSE!A597 -> 991025 | B595: =PSSE!B597 -> CAMAU_S3 | C595: =PSSE!D597 -> 20 | D595: =PSSE!E597 -> 253 | E595: =PSSE!F597 -> ND | F595: =PSSE!G597 -> 1 | G595: ="GEN"&C595&D595&E595&F595 -> GEN20253ND1 | H595: =COUNTIF(Data!$G$3:$BA$2935,GEN!$G595) -> 1 | I595: =IF($H595=0,"",VLOOKUP($G595,Data!$G$3:$BA$2935,2,FALSE)) -> 'GENROU' | J595: =PSSE!C597 -> 1 | K595: =IF($H595=0,"",VLOOKUP($G595,Data!$G$3:$BA$2935,4,FALSE)) -> 6 | L595: =IF($H595=0,"",VLOOKUP($G595,Data!$G$3:$BA$2935,5,FALSE)) -> 0.045 | M595: =IF($H595=0,"",VLOOKUP($G595,Data!$G$3:$BA$2935,6,FALSE)) -> 0.61 | N595: =IF($H595=0,"",VLOOKUP($G595,Data!$G$3:$BA$2935,7,FALSE)) -> 0.084 | O595: =IF($H595=0,"",VLOOKUP($G595,Data!$G$3:$BA$2935,8,FALSE)) -> 5.42 | P595: =IF($H595=0,"",VLOOKUP($G595,Data!$G$3:$BA$2935,9,FALSE)) -> 0 | Q595: =IF($H595=0,"",VLOOKUP($G595,Data!$G$3:$BA$2935,10,FALSE)) -> 2.38 | R595: =IF($H595=0,"",VLOOKUP($G595,Data!$G$3:$BA$2935,11,FALSE)) -> 2.29 | S595: =IF($H595=0,"",VLOOKUP($G595,Data!$G$3:$BA$2935,12,FALSE)) -> 0.32 | T595: =IF($H595=0,"",VLOOKUP($G595,Data!$G$3:$BA$2935,13,FALSE)) -> 0.535 | U595: =IF($H595=0,"",VLOOKUP($G595,Data!$G$3:$BA$2935,14,FALSE)) -> 0.217 | V595: =IF($H595=0,"",VLOOKUP($G595,Data!$G$3:$BA$2935,15,FALSE)) -> 0.112 | W595: =IF($H595=0,"",VLOOKUP($G595,Data!$G$3:$BA$2935,16,FALSE)) -> 0.074 | X595: =IF($H595=0,"",VLOOKUP($G595,Data!$G$3:$BA$2935,17,FALSE)) -> 0.493 | Y595: =IF($H595=0,"",VLOOKUP($G595,Data!$G$3:$BA$2935,18,FALSE)) -> / | Z595: =IF($H595=0,"",VLOOKUP($G595,Data!$G$3:$BA$2935,19,FALSE)) -> / | AA595: =IF($H595=0,"",VLOOKUP($G595,Data!$G$3:$BA$2935,20,FALSE)) | AB595: =IF($H595=0,"",VLOOKUP($G595,Data!$G$3:$BA$2935,21,FALSE)) | AC595: =IF($H595=0,"",VLOOKUP($G595,Data!$G$3:$BA$2935,22,FALSE)) | AD595: =IF($H595=0,"",VLOOKUP($G595,Data!$G$3:$BA$2935,23,FALSE)) | AE595: =IF($H595=0,"",VLOOKUP($G595,Data!$G$3:$BA$2935,24,FALSE)) | AF595: =IF($H595=0,"",VLOOKUP($G595,Data!$G$3:$BA$2935,25,FALSE)) | AG595: =IF($H595=0,"",VLOOKUP($G595,Data!$G$3:$BA$2935,26,FALSE)) | AH595: =IF($H595=0,"",VLOOKUP($G595,Data!$G$3:$BA$2935,27,FALSE)) | AI595: =IF($H595=0,"",VLOOKUP($G595,Data!$G$3:$BA$2935,28,FALSE)) | AJ595: =IF($H595=0,"",VLOOKUP($G595,Data!$G$3:$BA$2935,29,FALSE)) | AK595: =IF($H595=0,"",VLOOKUP($G595,Data!$G$3:$BA$2935,30,FALSE)) | AL595: =IF($H595=0,"",VLOOKUP($G595,Data!$G$3:$BA$2935,31,FALSE)) | AM595: =IF($H595=0,"",VLOOKUP($G595,Data!$G$3:$BA$2935,32,FALSE)) | AN595: =IF($H595=0,"",VLOOKUP($G595,Data!$G$3:$BA$2935,33,FALSE)) | AO595: =IF($H595=0,"",VLOOKUP($G595,Data!$G$3:$BA$2935,34,FALSE)) | AP595: =IF($H595=0,"",VLOOKUP($G595,Data!$G$3:$BA$2935,35,FALSE)) | AQ595: =IF($H595=0,"",VLOOKUP($G595,Data!$G$3:$BA$2935,36,FALSE)) | AR595: =IF($H595=0,"",VLOOKUP($G595,Data!$G$3:$BA$2935,37,FALSE)) | AS595: =IF($H595=0,"",VLOOKUP($G595,Data!$G$3:$BA$2935,38,FALSE)) | AT595: =IF($H595=0,"",VLOOKUP($G595,Data!$G$3:$BA$2935,39,FALSE))

Sheet GOV
A1: =PSSE!A3 -> 113015 | B1: =PSSE!B3 -> HAKHAU1 | C1: =PSSE!D3 -> 110 | D1: =PSSE!E3 -> 150 | E1: =PSSE!F3 -> TQ | F1: =PSSE!G3 -> 1 | G1: ="GOV"&C1&D1&E1&F1 -> GOV110150TQ1 | H1: =COUNTIF(Data!$G$3:$BA$2935,GOV!$G1) -> 1 | I1: =IF($H1=0,"",VLOOKUP($G1,Data!$G$3:$BA$2935,2,FALSE)) -> 'HYGOV' | J1: =PSSE!C3 -> 1 | K1: =IF($H1=0,"",VLOOKUP($G1,Data!$G$3:$BA$2935,4,FALSE)) -> 0.03 | L1: =IF($H1=0,"",VLOOKUP($G1,Data!$G$3:$BA$2935,5,FALSE)) -> 0.18 | M1: =IF($H1=0,"",VLOOKUP($G1,Data!$G$3:$BA$2935,6,FALSE)) -> 6.64 | N1: =IF($H1=0,"",VLOOKUP($G1,Data!$G$3:$BA$2935,7,FALSE)) -> 0.05 | O1: =IF($H1=0,"",VLOOKUP($G1,Data!$G$3:$BA$2935,8,FALSE)) -> 0.5 | P1: =IF($H1=0,"",VLOOKUP($G1,Data!$G$3:$BA$2935,9,FALSE)) -> 0.15 | Q1: =IF($H1=0,"",VLOOKUP($G1,Data!$G$3:$BA$2935,10,FALSE)) -> 1 | R1: =IF($H1=0,"",VLOOKUP($G1,Data!$G$3:$BA$2935,11,FALSE)) -> 0 | S1: =IF($H1=0,"",VLOOKUP($G1,Data!$G$3:$BA$2935,12,FALSE)) -> 1.66 | T1: =IF($H1=0,"",VLOOKUP($G1,Data!$G$3:$BA$2935,13,FALSE)) -> 1.41 | U1: =IF($H1=0,"",VLOOKUP($G1,Data!$G$3:$BA$2935,14,FALSE)) -> 0.499 | V1: =IF($H1=0,"",VLOOKUP($G1,Data!$G$3:$BA$2935,15,FALSE)) -> 0.06 | W1: =IF($H1=0,"",VLOOKUP($G1,Data!$G$3:$BA$2935,16,FALSE)) -> / | X1: =IF($H1=0,"",VLOOKUP($G1,Data!$G$3:$BA$2935,17,FALSE)) -> / | Y1: =IF($H1=0,"",VLOOKUP($G1,Data!$G$3:$BA$2935,18,FALSE)) | Z1: =IF($H1=0,"",VLOOKUP($G1,Data!$G$3:$BA$2935,19,FALSE)) | AA1: =IF($H1=0,"",VLOOKUP($G1,Data!$G$3:$BA$2935,20,FALSE)) | AB1: =IF($H1=0,"",VLOOKUP($G1,Data!$G$3:$BA$2935,21,FALSE)) | AC1: =IF($H1=0,"",VLOOKUP($G1,Data!$G$3:$BA$2935,22,FALSE)) | AD1: =IF($H1=0,"",VLOOKUP($G1,Data!$G$3:$BA$2935,23,FALSE)) | AE1: =IF($H1=0,"",VLOOKUP($G1,Data!$G$3:$BA$2935,24,FALSE)) | AF1: =IF($H1=0,"",VLOOKUP($G1,Data!$G$3:$BA$2935,25,FALSE)) | AG1: =IF($H1=0,"",VLOOKUP($G1,Data!$G$3:$BA$2935,26,FALSE)) | AH1: =IF($H1=0,"",VLOOKUP($G1,Data!$G$3:$BA$2935,27,FALSE)) | AI1: =IF($H1=0,"",VLOOKUP($G1,Data!$G$3:$BA$2935,28,FALSE)) | AJ1: =IF($H1=0,"",VLOOKUP($G1,Data!$G$3:$BA$2935,29,FALSE)) | AK1: =IF($H1=0,"",VLOOKUP($G1,Data!$G$3:$BA$2935,30,FALSE)) | AL1: =IF($H1=0,"",VLOOKUP($G1,Data!$G$3:$BA$2935,31,FALSE)) | AM1: =IF($H1=0,"",VLOOKUP($G1,Data!$G$3:$BA$2935,32,FALSE)) | AN1: =IF($H1=0,"",VLOOKUP($G1,Data!$G$3:$BA$2935,33,FALSE)) | AO1: =IF($H1=0,"",VLOOKUP($G1,Data!$G$3:$BA$2935,34,FALSE)) | AP1: =IF($H1=0,"",VLOOKUP($G1,Data!$G$3:$BA$2935,35,FALSE)) | AQ1: =IF($H1=0,"",VLOOKUP($G1,Data!$G$3:$BA$2935,36,FALSE)) | AR1: =IF($H1=0,"",VLOOKUP($G1,Data!$G$3:$BA$2935,37,FALSE)) | AS1: =IF($H1=0,"",VLOOKUP($G1,Data!$G$3:$BA$2935,38,FALSE)) | AT1: =IF($H1=0,"",VLOOKUP($G1,Data!$G$3:$BA$2935,39,FALSE))
A2: =PSSE!A4 -> 113017 | B2: =PSSE!B4 -> MAOMAOTIAO1 | C2: =PSSE!D4 -> 110 | D2: =PSSE!E4 -> 150 | E2: =PSSE!F4 -> TQ | F2: =PSSE!G4 -> 1 | G2: ="GOV"&C2&D2&E2&F2 -> GOV110150TQ1 | H2: =COUNTIF(Data!$G$3:$BA$2935,GOV!$G2) -> 1 | I2: =IF($H2=0,"",VLOOKUP($G2,Data!$G$3:$BA$2935,2,FALSE)) -> 'HYGOV' | J2: =PSSE!C4 -> 1 | K2: =IF($H2=0,"",VLOOKUP($G2,Data!$G$3:$BA$2935,4,FALSE)) -> 0.03 | L2: =IF($H2=0,"",VLOOKUP($G2,Data!$G$3:$BA$2935,5,FALSE)) -> 0.18 | M2: =IF($H2=0,"",VLOOKUP($G2,Data!$G$3:$BA$2935,6,FALSE)) -> 6.64 | N2: =IF($H2=0,"",VLOOKUP($G2,Data!$G$3:$BA$2935,7,FALSE)) -> 0.05 | O2: =IF($H2=0,"",VLOOKUP($G2,Data!$G$3:$BA$2935,8,FALSE)) -> 0.5 | P2: =IF($H2=0,"",VLOOKUP($G2,Data!$G$3:$BA$2935,9,FALSE)) -> 0.15 | Q2: =IF($H2=0,"",VLOOKUP($G2,Data!$G$3:$BA$2935,10,FALSE)) -> 1 | R2: =IF($H2=0,"",VLOOKUP($G2,Data!$G$3:$BA$2935,11,FALSE)) -> 0 | S2: =IF($H2=0,"",VLOOKUP($G2,Data!$G$3:$BA$2935,12,FALSE)) -> 1.66 | T2: =IF($H2=0,"",VLOOKUP($G2,Data!$G$3:$BA$2935,13,FALSE)) -> 1.41 | U2: =IF($H2=0,"",VLOOKUP($G2,Data!$G$3:$BA$2935,14,FALSE)) -> 0.499 | V2: =IF($H2=0,"",VLOOKUP($G2,Data!$G$3:$BA$2935,15,FALSE)) -> 0.06 | W2: =IF($H2=0,"",VLOOKUP($G2,Data!$G$3:$BA$2935,16,FALSE)) -> / | X2: =IF($H2=0,"",VLOOKUP($G2,Data!$G$3:$BA$2935,17,FALSE)) -> / | Y2: =IF($H2=0,"",VLOOKUP($G2,Data!$G$3:$BA$2935,18,FALSE)) | Z2: =IF($H2=0,"",VLOOKUP($G2,Data!$G$3:$BA$2935,19,FALSE)) | AA2: =IF($H2=0,"",VLOOKUP($G2,Data!$G$3:$BA$2935,20,FALSE)) | AB2: =IF($H2=0,"",VLOOKUP($G2,Data!$G$3:$BA$2935,21,FALSE)) | AC2: =IF($H2=0,"",VLOOKUP($G2,Data!$G$3:$BA$2935,22,FALSE)) | AD2: =IF($H2=0,"",VLOOKUP($G2,Data!$G$3:$BA$2935,23,FALSE)) | AE2: =IF($H2=0,"",VLOOKUP($G2,Data!$G$3:$BA$2935,24,FALSE)) | AF2: =IF($H2=0,"",VLOOKUP($G2,Data!$G$3:$BA$2935,25,FALSE)) | AG2: =IF($H2=0,"",VLOOKUP($G2,Data!$G$3:$BA$2935,26,FALSE)) | AH2: =IF($H2=0,"",VLOOKUP($G2,Data!$G$3:$BA$2935,27,FALSE)) | AI2: =IF($H2=0,"",VLOOKUP($G2,Data!$G$3:$BA$2935,28,FALSE)) | AJ2: =IF($H2=0,"",VLOOKUP($G2,Data!$G$3:$BA$2935,29,FALSE)) | AK2: =IF($H2=0,"",VLOOKUP($G2,Data!$G$3:$BA$2935,30,FALSE)) | AL2: =IF($H2=0,"",VLOOKUP($G2,Data!$G$3:$BA$2935,31,FALSE)) | AM2: =IF($H2=0,"",VLOOKUP($G2,Data!$G$3:$BA$2935,32,FALSE)) | AN2: =IF($H2=0,"",VLOOKUP($G2,Data!$G$3:$BA$2935,33,FALSE)) | AO2: =IF($H2=0,"",VLOOKUP($G2,Data!$G$3:$BA$2935,34,FALSE)) | AP2: =IF($H2=0,"",VLOOKUP($G2,Data!$G$3:$BA$2935,35,FALSE)) | AQ2: =IF($H2=0,"",VLOOKUP($G2,Data!$G$3:$BA$2935,36,FALSE)) | AR2: =IF($H2=0,"",VLOOKUP($G2,Data!$G$3:$BA$2935,37,FALSE)) | AS2: =IF($H2=0,"",VLOOKUP($G2,Data!$G$3:$BA$2935,38,FALSE)) | AT2: =IF($H2=0,"",VLOOKUP($G2,Data!$G$3:$BA$2935,39,FALSE))
A3: =PSSE!A5 -> 126047 | B3: =PSSE!B5 -> THAMCAU1 | C3: =PSSE!D5 -> 110 | D3: =PSSE!E5 -> 150 | E3: =PSSE!F5 -> TQ | F3: =PSSE!G5 -> 1 | G3: ="GOV"&C3&D3&E3&F3 -> GOV110150TQ1 | H3: =COUNTIF(Data!$G$3:$BA$2935,GOV!$G3) -> 1 | I3: =IF($H3=0,"",VLOOKUP($G3,Data!$G$3:$BA$2935,2,FALSE)) -> 'HYGOV' | J3: =PSSE!C5 -> 1 | K3: =IF($H3=0,"",VLOOKUP($G3,Data!$G$3:$BA$2935,4,FALSE)) -> 0.03 | L3: =IF($H3=0,"",VLOOKUP($G3,Data!$G$3:$BA$2935,5,FALSE)) -> 0.18 | M3: =IF($H3=0,"",VLOOKUP($G3,Data!$G$3:$BA$2935,6,FALSE)) -> 6.64 | N3: =IF($H3=0,"",VLOOKUP($G3,Data!$G$3:$BA$2935,7,FALSE)) -> 0.05 | O3: =IF($H3=0,"",VLOOKUP($G3,Data!$G$3:$BA$2935,8,FALSE)) -> 0.5 | P3: =IF($H3=0,"",VLOOKUP($G3,Data!$G$3:$BA$2935,9,FALSE)) -> 0.15 | Q3: =IF($H3=0,"",VLOOKUP($G3,Data!$G$3:$BA$2935,10,FALSE)) -> 1 | R3: =IF($H3=0,"",VLOOKUP($G3,Data!$G$3:$BA$2935,11,FALSE)) -> 0 | S3: =IF($H3=0,"",VLOOKUP($G3,Data!$G$3:$BA$2935,12,FALSE)) -> 1.66 | T3: =IF($H3=0,"",VLOOKUP($G3,Data!$G$3:$BA$2935,13,FALSE)) -> 1.41 | U3: =IF($H3=0,"",VLOOKUP($G3,Data!$G$3:$BA$2935,14,FALSE)) -> 0.499 | V3: =IF($H3=0,"",VLOOKUP($G3,Data!$G$3:$BA$2935,15,FALSE)) -> 0.06 | W3: =IF($H3=0,"",VLOOKUP($G3,Data!$G$3:$BA$2935,16,FALSE)) -> / | X3: =IF($H3=0,"",VLOOKUP($G3,Data!$G$3:$BA$2935,17,FALSE)) -> / | Y3: =IF($H3=0,"",VLOOKUP($G3,Data!$G$3:$BA$2935,18,FALSE)) | Z3: =IF($H3=0,"",VLOOKUP($G3,Data!$G$3:$BA$2935,19,FALSE)) | AA3: =IF($H3=0,"",VLOOKUP($G3,Data!$G$3:$BA$2935,20,FALSE)) | AB3: =IF($H3=0,"",VLOOKUP($G3,Data!$G$3:$BA$2935,21,FALSE)) | AC3: =IF($H3=0,"",VLOOKUP($G3,Data!$G$3:$BA$2935,22,FALSE)) | AD3: =IF($H3=0,"",VLOOKUP($G3,Data!$G$3:$BA$2935,23,FALSE)) | AE3: =IF($H3=0,"",VLOOKUP($G3,Data!$G$3:$BA$2935,24,FALSE)) | AF3: =IF($H3=0,"",VLOOKUP($G3,Data!$G$3:$BA$2935,25,FALSE)) | AG3: =IF($H3=0,"",VLOOKUP($G3,Data!$G$3:$BA$2935,26,FALSE)) | AH3: =IF($H3=0,"",VLOOKUP($G3,Data!$G$3:$BA$2935,27,FALSE)) | AI3: =IF($H3=0,"",VLOOKUP($G3,Data!$G$3:$BA$2935,28,FALSE)) | AJ3: =IF($H3=0,"",VLOOKUP($G3,Data!$G$3:$BA$2935,29,FALSE)) | AK3: =IF($H3=0,"",VLOOKUP($G3,Data!$G$3:$BA$2935,30,FALSE)) | AL3: =IF($H3=0,"",VLOOKUP($G3,Data!$G$3:$BA$2935,31,FALSE)) | AM3: =IF($H3=0,"",VLOOKUP($G3,Data!$G$3:$BA$2935,32,FALSE)) | AN3: =IF($H3=0,"",VLOOKUP($G3,Data!$G$3:$BA$2935,33,FALSE)) | AO3: =IF($H3=0,"",VLOOKUP($G3,Data!$G$3:$BA$2935,34,FALSE)) | AP3: =IF($H3=0,"",VLOOKUP($G3,Data!$G$3:$BA$2935,35,FALSE)) | AQ3: =IF($H3=0,"",VLOOKUP($G3,Data!$G$3:$BA$2935,36,FALSE)) | AR3: =IF($H3=0,"",VLOOKUP($G3,Data!$G$3:$BA$2935,37,FALSE)) | AS3: =IF($H3=0,"",VLOOKUP($G3,Data!$G$3:$BA$2935,38,FALSE)) | AT3: =IF($H3=0,"",VLOOKUP($G3,Data!$G$3:$BA$2935,39,FALSE))
A4: =PSSE!A6 -> 151019 | B4: =PSSE!B6 -> TD_NHO | C4: =PSSE!D6 -> 110 | D4: =PSSE!E6 -> 10 | E4: =PSSE!F6 -> TQ | F4: =PSSE!G6 -> 1 | G4: ="GOV"&C4&D4&E4&F4 -> GOV11010TQ1 | H4: =COUNTIF(Data!$G$3:$BA$2935,GOV!$G4) -> 0 | I4: =IF($H4=0,"",VLOOKUP($G4,Data!$G$3:$BA$2935,2,FALSE)) | J4: =PSSE!C6 -> 1 | K4: =IF($H4=0,"",VLOOKUP($G4,Data!$G$3:$BA$2935,4,FALSE)) | L4: =IF($H4=0,"",VLOOKUP($G4,Data!$G$3:$BA$2935,5,FALSE)) | M4: =IF($H4=0,"",VLOOKUP($G4,Data!$G$3:$BA$2935,6,FALSE)) | N4: =IF($H4=0,"",VLOOKUP($G4,Data!$G$3:$BA$2935,7,FALSE)) | O4: =IF($H4=0,"",VLOOKUP($G4,Data!$G$3:$BA$2935,8,FALSE)) | P4: =IF($H4=0,"",VLOOKUP($G4,Data!$G$3:$BA$2935,9,FALSE)) | Q4: =IF($H4=0,"",VLOOKUP($G4,Data!$G$3:$BA$2935,10,FALSE)) | R4: =IF($H4=0,"",VLOOKUP($G4,Data!$G$3:$BA$2935,11,FALSE)) | S4: =IF($H4=0,"",VLOOKUP($G4,Data!$G$3:$BA$2935,12,FALSE)) | T4: =IF($H4=0,"",VLOOKUP($G4,Data!$G$3:$BA$2935,13,FALSE)) | U4: =IF($H4=0,"",VLOOKUP($G4,Data!$G$3:$BA$2935,14,FALSE)) | V4: =IF($H4=0,"",VLOOKUP($G4,Data!$G$3:$BA$2935,15,FALSE)) | W4: =IF($H4=0,"",VLOOKUP($G4,Data!$G$3:$BA$2935,16,FALSE)) | X4: =IF($H4=0,"",VLOOKUP($G4,Data!$G$3:$BA$2935,17,FALSE)) | Y4: =IF($H4=0,"",VLOOKUP($G4,Data!$G$3:$BA$2935,18,FALSE)) | Z4: =IF($H4=0,"",VLOOKUP($G4,Data!$G$3:$BA$2935,19,FALSE)) | AA4: =IF($H4=0,"",VLOOKUP($G4,Data!$G$3:$BA$2935,20,FALSE)) | AB4: =IF($H4=0,"",VLOOKUP($G4,Data!$G$3:$BA$2935,21,FALSE)) | AC4: =IF($H4=0,"",VLOOKUP($G4,Data!$G$3:$BA$2935,22,FALSE)) | AD4: =IF($H4=0,"",VLOOKUP($G4,Data!$G$3:$BA$2935,23,FALSE)) | AE4: =IF($H4=0,"",VLOOKUP($G4,Data!$G$3:$BA$2935,24,FALSE)) | AF4: =IF($H4=0,"",VLOOKUP($G4,Data!$G$3:$BA$2935,25,FALSE)) | AG4: =IF($H4=0,"",VLOOKUP($G4,Data!$G$3:$BA$2935,26,FALSE)) | AH4: =IF($H4=0,"",VLOOKUP($G4,Data!$G$3:$BA$2935,27,FALSE)) | AI4: =IF($H4=0,"",VLOOKUP($G4,Data!$G$3:$BA$2935,28,FALSE)) | AJ4: =IF($H4=0,"",VLOOKUP($G4,Data!$G$3:$BA$2935,29,FALSE)) | AK4: =IF($H4=0,"",VLOOKUP($G4,Data!$G$3:$BA$2935,30,FALSE)) | AL4: =IF($H4=0,"",VLOOKUP($G4,Data!$G$3:$BA$2935,31,FALSE)) | AM4: =IF($H4=0,"",VLOOKUP($G4,Data!$G$3:$BA$2935,32,FALSE)) | AN4: =IF($H4=0,"",VLOOKUP($G4,Data!$G$3:$BA$2935,33,FALSE)) | AO4: =IF($H4=0,"",VLOOKUP($G4,Data!$G$3:$BA$2935,34,FALSE)) | AP4: =IF($H4=0,"",VLOOKUP($G4,Data!$G$3:$BA$2935,35,FALSE)) | AQ4: =IF($H4=0,"",VLOOKUP($G4,Data!$G$3:$BA$2935,36,FALSE)) | AR4: =IF($H4=0,"",VLOOKUP($G4,Data!$G$3:$BA$2935,37,FALSE)) | AS4: =IF($H4=0,"",VLOOKUP($G4,Data!$G$3:$BA$2935,38,FALSE)) | AT4: =IF($H4=0,"",VLOOKUP($G4,Data!$G$3:$BA$2935,39,FALSE))
A5: =PSSE!A7 -> 151027 | B5: =PSSE!B7 -> VANXA | C5: =PSSE!D7 -> 110 | D5: =PSSE!E7 -> 25 | E5: =PSSE!F7 -> TQ | F5: =PSSE!G7 -> 1 | G5: ="GOV"&C5&D5&E5&F5 -> GOV11025TQ1 | H5: =COUNTIF(Data!$G$3:$BA$2935,GOV!$G5) -> 0 | I5: =IF($H5=0,"",VLOOKUP($G5,Data!$G$3:$BA$2935,2,FALSE)) | J5: =PSSE!C7 -> 1 | K5: =IF($H5=0,"",VLOOKUP($G5,Data!$G$3:$BA$2935,4,FALSE)) | L5: =IF($H5=0,"",VLOOKUP($G5,Data!$G$3:$BA$2935,5,FALSE)) | M5: =IF($H5=0,"",VLOOKUP($G5,Data!$G$3:$BA$2935,6,FALSE)) | N5: =IF($H5=0,"",VLOOKUP($G5,Data!$G$3:$BA$2935,7,FALSE)) | O5: =IF($H5=0,"",VLOOKUP($G5,Data!$G$3:$BA$2935,8,FALSE)) | P5: =IF($H5=0,"",VLOOKUP($G5,Data!$G$3:$BA$2935,9,FALSE)) | Q5: =IF($H5=0,"",VLOOKUP($G5,Data!$G$3:$BA$2935,10,FALSE)) | R5: =IF($H5=0,"",VLOOKUP($G5,Data!$G$3:$BA$2935,11,FALSE)) | S5: =IF($H5=0,"",VLOOKUP($G5,Data!$G$3:$BA$2935,12,FALSE)) | T5: =IF($H5=0,"",VLOOKUP($G5,Data!$G$3:$BA$2935,13,FALSE)) | U5: =IF($H5=0,"",VLOOKUP($G5,Data!$G$3:$BA$2935,14,FALSE)) | V5: =IF($H5=0,"",VLOOKUP($G5,Data!$G$3:$BA$2935,15,FALSE)) | W5: =IF($H5=0,"",VLOOKUP($G5,Data!$G$3:$BA$2935,16,FALSE)) | X5: =IF($H5=0,"",VLOOKUP($G5,Data!$G$3:$BA$2935,17,FALSE)) | Y5: =IF($H5=0,"",VLOOKUP($G5,Data!$G$3:$BA$2935,18,FALSE)) | Z5: =IF($H5=0,"",VLOOKUP($G5,Data!$G$3:$BA$2935,19,FALSE)) | AA5: =IF($H5=0,"",VLOOKUP($G5,Data!$G$3:$BA$2935,20,FALSE)) | AB5: =IF($H5=0,"",VLOOKUP($G5,Data!$G$3:$BA$2935,21,FALSE)) | AC5: =IF($H5=0,"",VLOOKUP($G5,Data!$G$3:$BA$2935,22,FALSE)) | AD5: =IF($H5=0,"",VLOOKUP($G5,Data!$G$3:$BA$2935,23,FALSE)) | AE5: =IF($H5=0,"",VLOOKUP($G5,Data!$G$3:$BA$2935,24,FALSE)) | AF5: =IF($H5=0,"",VLOOKUP($G5,Data!$G$3:$BA$2935,25,FALSE)) | AG5: =IF($H5=0,"",VLOOKUP($G5,Data!$G$3:$BA$2935,26,FALSE)) | AH5: =IF($H5=0,"",VLOOKUP($G5,Data!$G$3:$BA$2935,27,FALSE)) | AI5: =IF($H5=0,"",VLOOKUP($G5,Data!$G$3:$BA$2935,28,FALSE)) | AJ5: =IF($H5=0,"",VLOOKUP($G5,Data!$G$3:$BA$2935,29,FALSE)) | AK5: =IF($H5=0,"",VLOOKUP($G5,Data!$G$3:$BA$2935,30,FALSE)) | AL5: =IF($H5=0,"",VLOOKUP($G5,Data!$G$3:$BA$2935,31,FALSE)) | AM5: =IF($H5=0,"",VLOOKUP($G5,Data!$G$3:$BA$2935,32,FALSE)) | AN5: =IF($H5=0,"",VLOOKUP($G5,Data!$G$3:$BA$2935,33,FALSE)) | AO5: =IF($H5=0,"",VLOOKUP($G5,Data!$G$3:$BA$2935,34,FALSE)) | AP5: =IF($H5=0,"",VLOOKUP($G5,Data!$G$3:$BA$2935,35,FALSE)) | AQ5: =IF($H5=0,"",VLOOKUP($G5,Data!$G$3:$BA$2935,36,FALSE)) | AR5: =IF($H5=0,"",VLOOKUP($G5,Data!$G$3:$BA$2935,37,FALSE)) | AS5: =IF($H5=0,"",VLOOKUP($G5,Data!$G$3:$BA$2935,38,FALSE)) | AT5: =IF($H5=0,"",VLOOKUP($G5,Data!$G$3:$BA$2935,39,FALSE))
A6: =PSSE!A8 -> 151028 | B6: =PSSE!B8 -> DONGLAM | C6: =PSSE!D8 -> 110 | D6: =PSSE!E8 -> 27 | E6: =PSSE!F8 -> TQ | F6: =PSSE!G8 -> 1 | G6: ="GOV"&C6&D6&E6&F6 -> GOV11027TQ1 | H6: =COUNTIF(Data!$G$3:$BA$2935,GOV!$G6) -> 0 | I6: =IF($H6=0,"",VLOOKUP($G6,Data!$G$3:$BA$2935,2,FALSE)) | J6: =PSSE!C8 -> 1 | K6: =IF($H6=0,"",VLOOKUP($G6,Data!$G$3:$BA$2935,4,FALSE)) | L6: =IF($H6=0,"",VLOOKUP($G6,Data!$G$3:$BA$2935,5,FALSE)) | M6: =IF($H6=0,"",VLOOKUP($G6,Data!$G$3:$BA$2935,6,FALSE)) | N6: =IF($H6=0,"",VLOOKUP($G6,Data!$G$3:$BA$2935,7,FALSE)) | O6: =IF($H6=0,"",VLOOKUP($G6,Data!$G$3:$BA$2935,8,FALSE)) | P6: =IF($H6=0,"",VLOOKUP($G6,Data!$G$3:$BA$2935,9,FALSE)) | Q6: =IF($H6=0,"",VLOOKUP($G6,Data!$G$3:$BA$2935,10,FALSE)) | R6: =IF($H6=0,"",VLOOKUP($G6,Data!$G$3:$BA$2935,11,FALSE)) | S6: =IF($H6=0,"",VLOOKUP($G6,Data!$G$3:$BA$2935,12,FALSE)) | T6: =IF($H6=0,"",VLOOKUP($G6,Data!$G$3:$BA$2935,13,FALSE)) | U6: =IF($H6=0,"",VLOOKUP($G6,Data!$G$3:$BA$2935,14,FALSE)) | V6: =IF($H6=0,"",VLOOKUP($G6,Data!$G$3:$BA$2935,15,FALSE)) | W6: =IF($H6=0,"",VLOOKUP($G6,Data!$G$3:$BA$2935,16,FALSE)) | X6: =IF($H6=0,"",VLOOKUP($G6,Data!$G$3:$BA$2935,17,FALSE)) | Y6: =IF($H6=0,"",VLOOKUP($G6,Data!$G$3:$BA$2935,18,FALSE)) | Z6: =IF($H6=0,"",VLOOKUP($G6,Data!$G$3:$BA$2935,19,FALSE)) | AA6: =IF($H6=0,"",VLOOKUP($G6,Data!$G$3:$BA$2935,20,FALSE)) | AB6: =IF($H6=0,"",VLOOKUP($G6,Data!$G$3:$BA$2935,21,FALSE)) | AC6: =IF($H6=0,"",VLOOKUP($G6,Data!$G$3:$BA$2935,22,FALSE)) | AD6: =IF($H6=0,"",VLOOKUP($G6,Data!$G$3:$BA$2935,23,FALSE)) | AE6: =IF($H6=0,"",VLOOKUP($G6,Data!$G$3:$BA$2935,24,FALSE)) | AF6: =IF($H6=0,"",VLOOKUP($G6,Data!$G$3:$BA$2935,25,FALSE)) | AG6: =IF($H6=0,"",VLOOKUP($G6,Data!$G$3:$BA$2935,26,FALSE)) | AH6: =IF($H6=0,"",VLOOKUP($G6,Data!$G$3:$BA$2935,27,FALSE)) | AI6: =IF($H6=0,"",VLOOKUP($G6,Data!$G$3:$BA$2935,28,FALSE)) | AJ6: =IF($H6=0,"",VLOOKUP($G6,Data!$G$3:$BA$2935,29,FALSE)) | AK6: =IF($H6=0,"",VLOOKUP($G6,Data!$G$3:$BA$2935,30,FALSE)) | AL6: =IF($H6=0,"",VLOOKUP($G6,Data!$G$3:$BA$2935,31,FALSE)) | AM6: =IF($H6=0,"",VLOOKUP($G6,Data!$G$3:$BA$2935,32,FALSE)) | AN6: =IF($H6=0,"",VLOOKUP($G6,Data!$G$3:$BA$2935,33,FALSE)) | AO6: =IF($H6=0,"",VLOOKUP($G6,Data!$G$3:$BA$2935,34,FALSE)) | AP6: =IF($H6=0,"",VLOOKUP($G6,Data!$G$3:$BA$2935,35,FALSE)) | AQ6: =IF($H6=0,"",VLOOKUP($G6,Data!$G$3:$BA$2935,36,FALSE)) | AR6: =IF($H6=0,"",VLOOKUP($G6,Data!$G$3:$BA$2935,37,FALSE)) | AS6: =IF($H6=0,"",VLOOKUP($G6,Data!$G$3:$BA$2935,38,FALSE)) | AT6: =IF($H6=0,"",VLOOKUP($G6,Data!$G$3:$BA$2935,39,FALSE))
A7: =PSSE!A9 -> 152027 | B7: =PSSE!B9 -> TD_TATRACH | C7: =PSSE!D9 -> 110 | D7: =PSSE!E9 -> 13 | E7: =PSSE!F9 -> TQ | F7: =PSSE!G9 -> 1 | G7: ="GOV"&C7&D7&E7&F7 -> GOV11013TQ1 | H7: =COUNTIF(Data!$G$3:$BA$2935,GOV!$G7) -> 0 | I7: =IF($H7=0,"",VLOOKUP($G7,Data!$G$3:$BA$2935,2,FALSE)) | J7: =PSSE!C9 -> 1 | K7: =IF($H7=0,"",VLOOKUP($G7,Data!$G$3:$BA$2935,4,FALSE)) | L7: =IF($H7=0,"",VLOOKUP($G7,Data!$G$3:$BA$2935,5,FALSE)) | M7: =IF($H7=0,"",VLOOKUP($G7,Data!$G$3:$BA$2935,6,FALSE)) | N7: =IF($H7=0,"",VLOOKUP($G7,Data!$G$3:$BA$2935,7,FALSE)) | O7: =IF($H7=0,"",VLOOKUP($G7,Data!$G$3:$BA$2935,8,FALSE)) | P7: =IF($H7=0,"",VLOOKUP($G7,Data!$G$3:$BA$2935,9,FALSE)) | Q7: =IF($H7=0,"",VLOOKUP($G7,Data!$G$3:$BA$2935,10,FALSE)) | R7: =IF($H7=0,"",VLOOKUP($G7,Data!$G$3:$BA$2935,11,FALSE)) | S7: =IF($H7=0,"",VLOOKUP($G7,Data!$G$3:$BA$2935,12,FALSE)) | T7: =IF($H7=0,"",VLOOKUP($G7,Data!$G$3:$BA$2935,13,FALSE)) | U7: =IF($H7=0,"",VLOOKUP($G7,Data!$G$3:$BA$2935,14,FALSE)) | V7: =IF($H7=0,"",VLOOKUP($G7,Data!$G$3:$BA$2935,15,FALSE)) | W7: =IF($H7=0,"",VLOOKUP($G7,Data!$G$3:$BA$2935,16,FALSE)) | X7: =IF($H7=0,"",VLOOKUP($G7,Data!$G$3:$BA$2935,17,FALSE)) | Y7: =IF($H7=0,"",VLOOKUP($G7,Data!$G$3:$BA$2935,18,FALSE)) | Z7: =IF($H7=0,"",VLOOKUP($G7,Data!$G$3:$BA$2935,19,FALSE)) | AA7: =IF($H7=0,"",VLOOKUP($G7,Data!$G$3:$BA$2935,20,FALSE)) | AB7: =IF($H7=0,"",VLOOKUP($G7,Data!$G$3:$BA$2935,21,FALSE)) | AC7: =IF($H7=0,"",VLOOKUP($G7,Data!$G$3:$BA$2935,22,FALSE)) | AD7: =IF($H7=0,"",VLOOKUP($G7,Data!$G$3:$BA$2935,23,FALSE)) | AE7: =IF($H7=0,"",VLOOKUP($G7,Data!$G$3:$BA$2935,24,FALSE)) | AF7: =IF($H7=0,"",VLOOKUP($G7,Data!$G$3:$BA$2935,25,FALSE)) | AG7: =IF($H7=0,"",VLOOKUP($G7,Data!$G$3:$BA$2935,26,FALSE)) | AH7: =IF($H7=0,"",VLOOKUP($G7,Data!$G$3:$BA$2935,27,FALSE)) | AI7: =IF($H7=0,"",VLOOKUP($G7,Data!$G$3:$BA$2935,28,FALSE)) | AJ7: =IF($H7=0,"",VLOOKUP($G7,Data!$G$3:$BA$2935,29,FALSE)) | AK7: =IF($H7=0,"",VLOOKUP($G7,Data!$G$3:$BA$2935,30,FALSE)) | AL7: =IF($H7=0,"",VLOOKUP($G7,Data!$G$3:$BA$2935,31,FALSE)) | AM7: =IF($H7=0,"",VLOOKUP($G7,Data!$G$3:$BA$2935,32,FALSE)) | AN7: =IF($H7=0,"",VLOOKUP($G7,Data!$G$3:$BA$2935,33,FALSE)) | AO7: =IF($H7=0,"",VLOOKUP($G7,Data!$G$3:$BA$2935,34,FALSE)) | AP7: =IF($H7=0,"",VLOOKUP($G7,Data!$G$3:$BA$2935,35,FALSE)) | AQ7: =IF($H7=0,"",VLOOKUP($G7,Data!$G$3:$BA$2935,36,FALSE)) | AR7: =IF($H7=0,"",VLOOKUP($G7,Data!$G$3:$BA$2935,37,FALSE)) | AS7: =IF($H7=0,"",VLOOKUP($G7,Data!$G$3:$BA$2935,38,FALSE)) | AT7: =IF($H7=0,"",VLOOKUP($G7,Data!$G$3:$BA$2935,39,FALSE))
A8: =PSSE!A10 -> 213019 | B8: =PSSE!B10 -> MAGUAN2 | C8: =PSSE!D10 -> 220 | D8: =PSSE!E10 -> 300 | E8: =PSSE!F10 -> TQ | F8: =PSSE!G10 -> 1 | G8: ="GOV"&C8&D8&E8&F8 -> GOV220300TQ1 | H8: =COUNTIF(Data!$G$3:$BA$2935,GOV!$G8) -> 1 | I8: =IF($H8=0,"",VLOOKUP($G8,Data!$G$3:$BA$2935,2,FALSE)) -> 'HYGOV' | J8: =PSSE!C10 -> 1 | K8: =IF($H8=0,"",VLOOKUP($G8,Data!$G$3:$BA$2935,4,FALSE)) -> 0.03 | L8: =IF($H8=0,"",VLOOKUP($G8,Data!$G$3:$BA$2935,5,FALSE)) -> 0.18 | M8: =IF($H8=0,"",VLOOKUP($G8,Data!$G$3:$BA$2935,6,FALSE)) -> 6.64 | N8: =IF($H8=0,"",VLOOKUP($G8,Data!$G$3:$BA$2935,7,FALSE)) -> 0.05 | O8: =IF($H8=0,"",VLOOKUP($G8,Data!$G$3:$BA$2935,8,FALSE)) -> 0.5 | P8: =IF($H8=0,"",VLOOKUP($G8,Data!$G$3:$BA$2935,9,FALSE)) -> 0.15 | Q8: =IF($H8=0,"",VLOOKUP($G8,Data!$G$3:$BA$2935,10,FALSE)) -> 1 | R8: =IF($H8=0,"",VLOOKUP($G8,Data!$G$3:$BA$2935,11,FALSE)) -> -1 | S8: =IF($H8=0,"",VLOOKUP($G8,Data!$G$3:$BA$2935,12,FALSE)) -> 1.66 | T8: =IF($H8=0,"",VLOOKUP($G8,Data!$G$3:$BA$2935,13,FALSE)) -> 1.41 | U8: =IF($H8=0,"",VLOOKUP($G8,Data!$G$3:$BA$2935,14,FALSE)) -> 0.499 | V8: =IF($H8=0,"",VLOOKUP($G8,Data!$G$3:$BA$2935,15,FALSE)) -> 0.06 | W8: =IF($H8=0,"",VLOOKUP($G8,Data!$G$3:$BA$2935,16,FALSE)) -> / | X8: =IF($H8=0,"",VLOOKUP($G8,Data!$G$3:$BA$2935,17,FALSE)) -> / | Y8: =IF($H8=0,"",VLOOKUP($G8,Data!$G$3:$BA$2935,18,FALSE)) | Z8: =IF($H8=0,"",VLOOKUP($G8,Data!$G$3:$BA$2935,19,FALSE)) | AA8: =IF($H8=0,"",VLOOKUP($G8,Data!$G$3:$BA$2935,20,FALSE)) | AB8: =IF($H8=0,"",VLOOKUP($G8,Data!$G$3:$BA$2935,21,FALSE)) | AC8: =IF($H8=0,"",VLOOKUP($G8,Data!$G$3:$BA$2935,22,FALSE)) | AD8: =IF($H8=0,"",VLOOKUP($G8,Data!$G$3:$BA$2935,23,FALSE)) | AE8: =IF($H8=0,"",VLOOKUP($G8,Data!$G$3:$BA$2935,24,FALSE)) | AF8: =IF($H8=0,"",VLOOKUP($G8,Data!$G$3:$BA$2935,25,FALSE)) | AG8: =IF($H8=0,"",VLOOKUP($G8,Data!$G$3:$BA$2935,26,FALSE)) | AH8: =IF($H8=0,"",VLOOKUP($G8,Data!$G$3:$BA$2935,27,FALSE)) | AI8: =IF($H8=0,"",VLOOKUP($G8,Data!$G$3:$BA$2935,28,FALSE)) | AJ8: =IF($H8=0,"",VLOOKUP($G8,Data!$G$3:$BA$2935,29,FALSE)) | AK8: =IF($H8=0,"",VLOOKUP($G8,Data!$G$3:$BA$2935,30,FALSE)) | AL8: =IF($H8=0,"",VLOOKUP($G8,Data!$G$3:$BA$2935,31,FALSE)) | AM8: =IF($H8=0,"",VLOOKUP($G8,Data!$G$3:$BA$2935,32,FALSE)) | AN8: =IF($H8=0,"",VLOOKUP($G8,Data!$G$3:$BA$2935,33,FALSE)) | AO8: =IF($H8=0,"",VLOOKUP($G8,Data!$G$3:$BA$2935,34,FALSE)) | AP8: =IF($H8=0,"",VLOOKUP($G8,Data!$G$3:$BA$2935,35,FALSE)) | AQ8: =IF($H8=0,"",VLOOKUP($G8,Data!$G$3:$BA$2935,36,FALSE)) | AR8: =IF($H8=0,"",VLOOKUP($G8,Data!$G$3:$BA$2935,37,FALSE)) | AS8: =IF($H8=0,"",VLOOKUP($G8,Data!$G$3:$BA$2935,38,FALSE)) | AT8: =IF($H8=0,"",VLOOKUP($G8,Data!$G$3:$BA$2935,39,FALSE))
A9: =PSSE!A11 -> 216011 | B9: =PSSE!B11 -> TANKIEU2 | C9: =PSSE!D11 -> 220 | D9: =PSSE!E11 -> 300 | E9: =PSSE!F11 -> TQ | F9: =PSSE!G11 -> 1 | G9: ="GOV"&C9&D9&E9&F9 -> GOV220300TQ1 | H9: =COUNTIF(Data!$G$3:$BA$2935,GOV!$G9) -> 1 | I9: =IF($H9=0,"",VLOOKUP($G9,Data!$G$3:$BA$2935,2,FALSE)) -> 'HYGOV' | J9: =PSSE!C11 -> 1 | K9: =IF($H9=0,"",VLOOKUP($G9,Data!$G$3:$BA$2935,4,FALSE)) -> 0.03 | L9: =IF($H9=0,"",VLOOKUP($G9,Data!$G$3:$BA$2935,5,FALSE)) -> 0.18 | M9: =IF($H9=0,"",VLOOKUP($G9,Data!$G$3:$BA$2935,6,FALSE)) -> 6.64 | N9: =IF($H9=0,"",VLOOKUP($G9,Data!$G$3:$BA$2935,7,FALSE)) -> 0.05 | O9: =IF($H9=0,"",VLOOKUP($G9,Data!$G$3:$BA$2935,8,FALSE)) -> 0.5 | P9: =IF($H9=0,"",VLOOKUP($G9,Data!$G$3:$BA$2935,9,FALSE)) -> 0.15 | Q9: =IF($H9=0,"",VLOOKUP($G9,Data!$G$3:$BA$2935,10,FALSE)) -> 1 | R9: =IF($H9=0,"",VLOOKUP($G9,Data!$G$3:$BA$2935,11,FALSE)) -> -1 | S9: =IF($H9=0,"",VLOOKUP($G9,Data!$G$3:$BA$2935,12,FALSE)) -> 1.66 | T9: =IF($H9=0,"",VLOOKUP($G9,Data!$G$3:$BA$2935,13,FALSE)) -> 1.41 | U9: =IF($H9=0,"",VLOOKUP($G9,Data!$G$3:$BA$2935,14,FALSE)) -> 0.499 | V9: =IF($H9=0,"",VLOOKUP($G9,Data!$G$3:$BA$2935,15,FALSE)) -> 0.06 | W9: =IF($H9=0,"",VLOOKUP($G9,Data!$G$3:$BA$2935,16,FALSE)) -> / | X9: =IF($H9=0,"",VLOOKUP($G9,Data!$G$3:$BA$2935,17,FALSE)) -> / | Y9: =IF($H9=0,"",VLOOKUP($G9,Data!$G$3:$BA$2935,18,FALSE)) | Z9: =IF($H9=0,"",VLOOKUP($G9,Data!$G$3:$BA$2935,19,FALSE)) | AA9: =IF($H9=0,"",VLOOKUP($G9,Data!$G$3:$BA$2935,20,FALSE)) | AB9: =IF($H9=0,"",VLOOKUP($G9,Data!$G$3:$BA$2935,21,FALSE)) | AC9: =IF($H9=0,"",VLOOKUP($G9,Data!$G$3:$BA$2935,22,FALSE)) | AD9: =IF($H9=0,"",VLOOKUP($G9,Data!$G$3:$BA$2935,23,FALSE)) | AE9: =IF($H9=0,"",VLOOKUP($G9,Data!$G$3:$BA$2935,24,FALSE)) | AF9: =IF($H9=0,"",VLOOKUP($G9,Data!$G$3:$BA$2935,25,FALSE)) | AG9: =IF($H9=0,"",VLOOKUP($G9,Data!$G$3:$BA$2935,26,FALSE)) | AH9: =IF($H9=0,"",VLOOKUP($G9,Data!$G$3:$BA$2935,27,FALSE)) | AI9: =IF($H9=0,"",VLOOKUP($G9,Data!$G$3:$BA$2935,28,FALSE)) | AJ9: =IF($H9=0,"",VLOOKUP($G9,Data!$G$3:$BA$2935,29,FALSE)) | AK9: =IF($H9=0,"",VLOOKUP($G9,Data!$G$3:$BA$2935,30,FALSE)) | AL9: =IF($H9=0,"",VLOOKUP($G9,Data!$G$3:$BA$2935,31,FALSE)) | AM9: =IF($H9=0,"",VLOOKUP($G9,Data!$G$3:$BA$2935,32,FALSE)) | AN9: =IF($H9=0,"",VLOOKUP($G9,Data!$G$3:$BA$2935,33,FALSE)) | AO9: =IF($H9=0,"",VLOOKUP($G9,Data!$G$3:$BA$2935,34,FALSE)) | AP9: =IF($H9=0,"",VLOOKUP($G9,Data!$G$3:$BA$2935,35,FALSE)) | AQ9: =IF($H9=0,"",VLOOKUP($G9,Data!$G$3:$BA$2935,36,FALSE)) | AR9: =IF($H9=0,"",VLOOKUP($G9,Data!$G$3:$BA$2935,37,FALSE)) | AS9: =IF($H9=0,"",VLOOKUP($G9,Data!$G$3:$BA$2935,38,FALSE)) | AT9: =IF($H9=0,"",VLOOKUP($G9,Data!$G$3:$BA$2935,39,FALSE))
A10: =PSSE!A12 -> 451011 | B10: =PSSE!B12 -> TD_QT_S1 | C10: =PSSE!D12 -> 13.8 | D10: =PSSE!E12 -> 25 | E10: =PSSE!F12 -> TQ | F10: =PSSE!G12 -> 1 | G10: ="GOV"&C10&D10&E10&F10 -> GOV13.825TQ1 | H10: =COUNTIF(Data!$G$3:$BA$2935,GOV!$G10) -> 0 | I10: =IF($H10=0,"",VLOOKUP($G10,Data!$G$3:$BA$2935,2,FALSE)) | J10: =PSSE!C12 -> 1 | K10: =IF($H10=0,"",VLOOKUP($G10,Data!$G$3:$BA$2935,4,FALSE)) | L10: =IF($H10=0,"",VLOOKUP($G10,Data!$G$3:$BA$2935,5,FALSE)) | M10: =IF($H10=0,"",VLOOKUP($G10,Data!$G$3:$BA$2935,6,FALSE)) | N10: =IF($H10=0,"",VLOOKUP($G10,Data!$G$3:$BA$2935,7,FALSE)) | O10: =IF($H10=0,"",VLOOKUP($G10,Data!$G$3:$BA$2935,8,FALSE)) | P10: =IF($H10=0,"",VLOOKUP($G10,Data!$G$3:$BA$2935,9,FALSE)) | Q10: =IF($H10=0,"",VLOOKUP($G10,Data!$G$3:$BA$2935,10,FALSE)) | R10: =IF($H10=0,"",VLOOKUP($G10,Data!$G$3:$BA$2935,11,FALSE)) | S10: =IF($H10=0,"",VLOOKUP($G10,Data!$G$3:$BA$2935,12,FALSE)) | T10: =IF($H10=0,"",VLOOKUP($G10,Data!$G$3:$BA$2935,13,FALSE)) | U10: =IF($H10=0,"",VLOOKUP($G10,Data!$G$3:$BA$2935,14,FALSE)) | V10: =IF($H10=0,"",VLOOKUP($G10,Data!$G$3:$BA$2935,15,FALSE)) | W10: =IF($H10=0,"",VLOOKUP($G10,Data!$G$3:$BA$2935,16,FALSE)) | X10: =IF($H10=0,"",VLOOKUP($G10,Data!$G$3:$BA$2935,17,FALSE)) | Y10: =IF($H10=0,"",VLOOKUP($G10,Data!$G$3:$BA$2935,18,FALSE)) | Z10: =IF($H10=0,"",VLOOKUP($G10,Data!$G$3:$BA$2935,19,FALSE)) | AA10: =IF($H10=0,"",VLOOKUP($G10,Data!$G$3:$BA$2935,20,FALSE)) | AB10: =IF($H10=0,"",VLOOKUP($G10,Data!$G$3:$BA$2935,21,FALSE)) | AC10: =IF($H10=0,"",VLOOKUP($G10,Data!$G$3:$BA$2935,22,FALSE)) | AD10: =IF($H10=0,"",VLOOKUP($G10,Data!$G$3:$BA$2935,23,FALSE)) | AE10: =IF($H10=0,"",VLOOKUP($G10,Data!$G$3:$BA$2935,24,FALSE)) | AF10: =IF($H10=0,"",VLOOKUP($G10,Data!$G$3:$BA$2935,25,FALSE)) | AG10: =IF($H10=0,"",VLOOKUP($G10,Data!$G$3:$BA$2935,26,FALSE)) | AH10: =IF($H10=0,"",VLOOKUP($G10,Data!$G$3:$BA$2935,27,FALSE)) | AI10: =IF($H10=0,"",VLOOKUP($G10,Data!$G$3:$BA$2935,28,FALSE)) | AJ10: =IF($H10=0,"",VLOOKUP($G10,Data!$G$3:$BA$2935,29,FALSE)) | AK10: =IF($H10=0,"",VLOOKUP($G10,Data!$G$3:$BA$2935,30,FALSE)) | AL10: =IF($H10=0,"",VLOOKUP($G10,Data!$G$3:$BA$2935,31,FALSE)) | AM10: =IF($H10=0,"",VLOOKUP($G10,Data!$G$3:$BA$2935,32,FALSE)) | AN10: =IF($H10=0,"",VLOOKUP($G10,Data!$G$3:$BA$2935,33,FALSE)) | AO10: =IF($H10=0,"",VLOOKUP($G10,Data!$G$3:$BA$2935,34,FALSE)) | AP10: =IF($H10=0,"",VLOOKUP($G10,Data!$G$3:$BA$2935,35,FALSE)) | AQ10: =IF($H10=0,"",VLOOKUP($G10,Data!$G$3:$BA$2935,36,FALSE)) | AR10: =IF($H10=0,"",VLOOKUP($G10,Data!$G$3:$BA$2935,37,FALSE)) | AS10: =IF($H10=0,"",VLOOKUP($G10,Data!$G$3:$BA$2935,38,FALSE)) | AT10: =IF($H10=0,"",VLOOKUP($G10,Data!$G$3:$BA$2935,39,FALSE))
A11: =PSSE!A13 -> 821012 | B11: =PSSE!B13 -> SVC_VIETTRI4 | C11: =PSSE!D13 -> 23 | D11: =PSSE!E13 -> 0 | E11: =PSSE!F13 -> SVC | F11: =PSSE!G13 -> 1 | G11: ="GOV"&C11&D11&E11&F11 -> GOV230SVC1 | H11: =COUNTIF(Data!$G$3:$BA$2935,GOV!$G11) -> 1 | I11: =IF($H11=0,"",VLOOKUP($G11,Data!$G$3:$BA$2935,2,FALSE)) -> 'TGOV1' | J11: =PSSE!C13 -> 1 | K11: =IF($H11=0,"",VLOOKUP($G11,Data!$G$3:$BA$2935,4,FALSE)) -> 0.05 | L11: =IF($H11=0,"",VLOOKUP($G11,Data!$G$3:$BA$2935,5,FALSE)) -> 0.05 | M11: =IF($H11=0,"",VLOOKUP($G11,Data!$G$3:$BA$2935,6,FALSE)) -> 0.9 | N11: =IF($H11=0,"",VLOOKUP($G11,Data!$G$3:$BA$2935,7,FALSE)) -> 0.3 | O11: =IF($H11=0,"",VLOOKUP($G11,Data!$G$3:$BA$2935,8,FALSE)) -> 3 | P11: =IF($H11=0,"",VLOOKUP($G11,Data!$G$3:$BA$2935,9,FALSE)) -> 9 | Q11: =IF($H11=0,"",VLOOKUP($G11,Data!$G$3:$BA$2935,10,FALSE)) -> 0 | R11: =IF($H11=0,"",VLOOKUP($G11,Data!$G$3:$BA$2935,11,FALSE)) -> / | S11: =IF($H11=0,"",VLOOKUP($G11,Data!$G$3:$BA$2935,12,FALSE)) -> / | T11: =IF($H11=0,"",VLOOKUP($G11,Data!$G$3:$BA$2935,13,FALSE)) | U11: =IF($H11=0,"",VLOOKUP($G11,Data!$G$3:$BA$2935,14,FALSE)) | V11: =IF($H11=0,"",VLOOKUP($G11,Data!$G$3:$BA$2935,15,FALSE)) | W11: =IF($H11=0,"",VLOOKUP($G11,Data!$G$3:$BA$2935,16,FALSE)) | X11: =IF($H11=0,"",VLOOKUP($G11,Data!$G$3:$BA$2935,17,FALSE)) | Y11: =IF($H11=0,"",VLOOKUP($G11,Data!$G$3:$BA$2935,18,FALSE)) | Z11: =IF($H11=0,"",VLOOKUP($G11,Data!$G$3:$BA$2935,19,FALSE)) | AA11: =IF($H11=0,"",VLOOKUP($G11,Data!$G$3:$BA$2935,20,FALSE)) | AB11: =IF($H11=0,"",VLOOKUP($G11,Data!$G$3:$BA$2935,21,FALSE)) | AC11: =IF($H11=0,"",VLOOKUP($G11,Data!$G$3:$BA$2935,22,FALSE)) | AD11: =IF($H11=0,"",VLOOKUP($G11,Data!$G$3:$BA$2935,23,FALSE)) | AE11: =IF($H11=0,"",VLOOKUP($G11,Data!$G$3:$BA$2935,24,FALSE)) | AF11: =IF($H11=0,"",VLOOKUP($G11,Data!$G$3:$BA$2935,25,FALSE)) | AG11: =IF($H11=0,"",VLOOKUP($G11,Data!$G$3:$BA$2935,26,FALSE)) | AH11: =IF($H11=0,"",VLOOKUP($G11,Data!$G$3:$BA$2935,27,FALSE)) | AI11: =IF($H11=0,"",VLOOKUP($G11,Data!$G$3:$BA$2935,28,FALSE)) | AJ11: =IF($H11=0,"",VLOOKUP($G11,Data!$G$3:$BA$2935,29,FALSE)) | AK11: =IF($H11=0,"",VLOOKUP($G11,Data!$G$3:$BA$2935,30,FALSE)) | AL11: =IF($H11=0,"",VLOOKUP($G11,Data!$G$3:$BA$2935,31,FALSE)) | AM11: =IF($H11=0,"",VLOOKUP($G11,Data!$G$3:$BA$2935,32,FALSE)) | AN11: =IF($H11=0,"",VLOOKUP($G11,Data!$G$3:$BA$2935,33,FALSE)) | AO11: =IF($H11=0,"",VLOOKUP($G11,Data!$G$3:$BA$2935,34,FALSE)) | AP11: =IF($H11=0,"",VLOOKUP($G11,Data!$G$3:$BA$2935,35,FALSE)) | AQ11: =IF($H11=0,"",VLOOKUP($G11,Data!$G$3:$BA$2935,36,FALSE)) | AR11: =IF($H11=0,"",VLOOKUP($G11,Data!$G$3:$BA$2935,37,FALSE)) | AS11: =IF($H11=0,"",VLOOKUP($G11,Data!$G$3:$BA$2935,38,FALSE)) | AT11: =IF($H11=0,"",VLOOKUP($G11,Data!$G$3:$BA$2935,39,FALSE))
A12: =PSSE!A14 -> 910011 | B12: =PSSE!B14 -> BAOLAC_H1 | C12: =PSSE!D14 -> 15.8 | D12: =PSSE!E14 -> 180 | E12: =PSSE!F14 -> TD | F12: =PSSE!G14 -> 1 | G12: ="GOV"&C12&D12&E12&F12 -> GOV15.8180TD1 | H12: =COUNTIF(Data!$G$3:$BA$2935,GOV!$G12) -> 1 | I12: =IF($H12=0,"",VLOOKUP($G12,Data!$G$3:$BA$2935,2,FALSE)) -> 'HYGOV' | J12: =PSSE!C14 -> 1 | K12: =IF($H12=0,"",VLOOKUP($G12,Data!$G$3:$BA$2935,4,FALSE)) -> 0.03 | L12: =IF($H12=0,"",VLOOKUP($G12,Data!$G$3:$BA$2935,5,FALSE)) -> 0.18 | M12: =IF($H12=0,"",VLOOKUP($G12,Data!$G$3:$BA$2935,6,FALSE)) -> 6.64 | N12: =IF($H12=0,"",VLOOKUP($G12,Data!$G$3:$BA$2935,7,FALSE)) -> 0.05 | O12: =IF($H12=0,"",VLOOKUP($G12,Data!$G$3:$BA$2935,8,FALSE)) -> 0.5 | P12: =IF($H12=0,"",VLOOKUP($G12,Data!$G$3:$BA$2935,9,FALSE)) -> 0.15 | Q12: =IF($H12=0,"",VLOOKUP($G12,Data!$G$3:$BA$2935,10,FALSE)) -> 1 | R12: =IF($H12=0,"",VLOOKUP($G12,Data!$G$3:$BA$2935,11,FALSE)) -> 0 | S12: =IF($H12=0,"",VLOOKUP($G12,Data!$G$3:$BA$2935,12,FALSE)) -> 1.66 | T12: =IF($H12=0,"",VLOOKUP($G12,Data!$G$3:$BA$2935,13,FALSE)) -> 1.41 | U12: =IF($H12=0,"",VLOOKUP($G12,Data!$G$3:$BA$2935,14,FALSE)) -> 0.499 | V12: =IF($H12=0,"",VLOOKUP($G12,Data!$G$3:$BA$2935,15,FALSE)) -> 0.06 | W12: =IF($H12=0,"",VLOOKUP($G12,Data!$G$3:$BA$2935,16,FALSE)) -> / | X12: =IF($H12=0,"",VLOOKUP($G12,Data!$G$3:$BA$2935,17,FALSE)) -> / | Y12: =IF($H12=0,"",VLOOKUP($G12,Data!$G$3:$BA$2935,18,FALSE)) | Z12: =IF($H12=0,"",VLOOKUP($G12,Data!$G$3:$BA$2935,19,FALSE)) | AA12: =IF($H12=0,"",VLOOKUP($G12,Data!$G$3:$BA$2935,20,FALSE)) | AB12: =IF($H12=0,"",VLOOKUP($G12,Data!$G$3:$BA$2935,21,FALSE)) | AC12: =IF($H12=0,"",VLOOKUP($G12,Data!$G$3:$BA$2935,22,FALSE)) | AD12: =IF($H12=0,"",VLOOKUP($G12,Data!$G$3:$BA$2935,23,FALSE)) | AE12: =IF($H12=0,"",VLOOKUP($G12,Data!$G$3:$BA$2935,24,FALSE)) | AF12: =IF($H12=0,"",VLOOKUP($G12,Data!$G$3:$BA$2935,25,FALSE)) | AG12: =IF($H12=0,"",VLOOKUP($G12,Data!$G$3:$BA$2935,26,FALSE)) | AH12: =IF($H12=0,"",VLOOKUP($G12,Data!$G$3:$BA$2935,27,FALSE)) | AI12: =IF($H12=0,"",VLOOKUP($G12,Data!$G$3:$BA$2935,28,FALSE)) | AJ12: =IF($H12=0,"",VLOOKUP($G12,Data!$G$3:$BA$2935,29,FALSE)) | AK12: =IF($H12=0,"",VLOOKUP($G12,Data!$G$3:$BA$2935,30,FALSE)) | AL12: =IF($H12=0,"",VLOOKUP($G12,Data!$G$3:$BA$2935,31,FALSE)) | AM12: =IF($H12=0,"",VLOOKUP($G12,Data!$G$3:$BA$2935,32,FALSE)) | AN12: =IF($H12=0,"",VLOOKUP($G12,Data!$G$3:$BA$2935,33,FALSE)) | AO12: =IF($H12=0,"",VLOOKUP($G12,Data!$G$3:$BA$2935,34,FALSE)) | AP12: =IF($H12=0,"",VLOOKUP($G12,Data!$G$3:$BA$2935,35,FALSE)) | AQ12: =IF($H12=0,"",VLOOKUP($G12,Data!$G$3:$BA$2935,36,FALSE)) | AR12: =IF($H12=0,"",VLOOKUP($G12,Data!$G$3:$BA$2935,37,FALSE)) | AS12: =IF($H12=0,"",VLOOKUP($G12,Data!$G$3:$BA$2935,38,FALSE)) | AT12: =IF($H12=0,"",VLOOKUP($G12,Data!$G$3:$BA$2935,39,FALSE))
... A595: =PSSE!A597 -> 991025 | B595: =PSSE!B597 -> CAMAU_S3 | C595: =PSSE!D597 -> 20 | D595: =PSSE!E597 -> 253 | E595: =PSSE!F597 -> ND | F595: =PSSE!G597 -> 1 | G595: ="GOV"&C595&D595&E595&F595 -> GOV20253ND1 | H595: =COUNTIF(Data!$G$3:$BA$2935,GOV!$G595) -> 1 | I595: =IF($H595=0,"",VLOOKUP($G595,Data!$G$3:$BA$2935,2,FALSE)) -> 'TGOV1' | J595: =PSSE!C597 -> 1 | K595: =IF($H595=0,"",VLOOKUP($G595,Data!$G$3:$BA$2935,4,FALSE)) -> 0.05 | L595: =IF($H595=0,"",VLOOKUP($G595,Data!$G$3:$BA$2935,5,FALSE)) -> 0.05 | M595: =IF($H595=0,"",VLOOKUP($G595,Data!$G$3:$BA$2935,6,FALSE)) -> 1.1 | N595: =IF($H595=0,"",VLOOKUP($G595,Data!$G$3:$BA$2935,7,FALSE)) -> 0 | O595: =IF($H595=0,"",VLOOKUP($G595,Data!$G$3:$BA$2935,8,FALSE)) -> 2.7 | P595: =IF($H595=0,"",VLOOKUP($G595,Data!$G$3:$BA$2935,9,FALSE)) -> 9 | Q595: =IF($H595=0,"",VLOOKUP($G595,Data!$G$3:$BA$2935,10,FALSE)) -> 0 | R595: =IF($H595=0,"",VLOOKUP($G595,Data!$G$3:$BA$2935,11,FALSE)) -> / | S595: =IF($H595=0,"",VLOOKUP($G595,Data!$G$3:$BA$2935,12,FALSE)) -> / | T595: =IF($H595=0,"",VLOOKUP($G595,Data!$G$3:$BA$2935,13,FALSE)) | U595: =IF($H595=0,"",VLOOKUP($G595,Data!$G$3:$BA$2935,14,FALSE)) | V595: =IF($H595=0,"",VLOOKUP($G595,Data!$G$3:$BA$2935,15,FALSE)) | W595: =IF($H595=0,"",VLOOKUP($G595,Data!$G$3:$BA$2935,16,FALSE)) | X595: =IF($H595=0,"",VLOOKUP($G595,Data!$G$3:$BA$2935,17,FALSE)) | Y595: =IF($H595=0,"",VLOOKUP($G595,Data!$G$3:$BA$2935,18,FALSE)) | Z595: =IF($H595=0,"",VLOOKUP($G595,Data!$G$3:$BA$2935,19,FALSE)) | AA595: =IF($H595=0,"",VLOOKUP($G595,Data!$G$3:$BA$2935,20,FALSE)) | AB595: =IF($H595=0,"",VLOOKUP($G595,Data!$G$3:$BA$2935,21,FALSE)) | AC595: =IF($H595=0,"",VLOOKUP($G595,Data!$G$3:$BA$2935,22,FALSE)) | AD595: =IF($H595=0,"",VLOOKUP($G595,Data!$G$3:$BA$2935,23,FALSE)) | AE595: =IF($H595=0,"",VLOOKUP($G595,Data!$G$3:$BA$2935,24,FALSE)) | AF595: =IF($H595=0,"",VLOOKUP($G595,Data!$G$3:$BA$2935,25,FALSE)) | AG595: =IF($H595=0,"",VLOOKUP($G595,Data!$G$3:$BA$2935,26,FALSE)) | AH595: =IF($H595=0,"",VLOOKUP($G595,Data!$G$3:$BA$2935,27,FALSE)) | AI595: =IF($H595=0,"",VLOOKUP($G595,Data!$G$3:$BA$2935,28,FALSE)) | AJ595: =IF($H595=0,"",VLOOKUP($G595,Data!$G$3:$BA$2935,29,FALSE)) | AK595: =IF($H595=0,"",VLOOKUP($G595,Data!$G$3:$BA$2935,30,FALSE)) | AL595: =IF($H595=0,"",VLOOKUP($G595,Data!$G$3:$BA$2935,31,FALSE)) | AM595: =IF($H595=0,"",VLOOKUP($G595,Data!$G$3:$BA$2935,32,FALSE)) | AN595: =IF($H595=0,"",VLOOKUP($G595,Data!$G$3:$BA$2935,33,FALSE)) | AO595: =IF($H595=0,"",VLOOKUP($G595,Data!$G$3:$BA$2935,34,FALSE)) | AP595: =IF($H595=0,"",VLOOKUP($G595,Data!$G$3:$BA$2935,35,FALSE)) | AQ595: =IF($H595=0,"",VLOOKUP($G595,Data!$G$3:$BA$2935,36,FALSE)) | AR595: =IF($H595=0,"",VLOOKUP($G595,Data!$G$3:$BA$2935,37,FALSE)) | AS595: =IF($H595=0,"",VLOOKUP($G595,Data!$G$3:$BA$2935,38,FALSE)) | AT595: =IF($H595=0,"",VLOOKUP($G595,Data!$G$3:$BA$2935,39,FALSE))

Sheet Data
A1: NAME | B1: MODEL | C1: VOLTAGE | D1: PMAX | E1: TYPE PLANT | F1: TYPE DYR | G1: INDEX | H1: DIAMETER: | J1: f = | K1: 50 | L1: Hz | AI1: ="" | AJ1: ="" | AK1: ="" | AL1: ="" | AM1: ="" | AN1: ="" | AO1: ="" | AP1: ="" | ... AS1: =""
C2: (kV) | D2: (MW) | J2: DELT = | K2: =1/2*1/K1 -> 0.01 | L2: s | AI2: ="" | AJ2: ="" | AK2: ="" | AL2: ="" | AM2: ="" | AN2: ="" | AO2: ="" | AP2: ="" | ... AS2: =""
A3: HÒA BÌNH | H3: TYPE | I3: ID | J3: TR | K3: VIMAX | L3: VIMIN | M3: TC | N3: TB | O3: KA | P3: TA | Q3: VRMAX | R3: VRMIN | S3: KC | V3: MORE: | W3: KA×TC⁄TB | X3: =O6*M6/N6 -> 0 | AI3: ="" | AJ3: ="" | AK3: ="" | AL3: ="" | AM3: ="" | AN3: ="" | AO3: ="" | AP3: ="" | ... AS3: =""
I4: Max | J4: 0.1 | K4: 0.2 | L4: 0 | M4: 10 | N4: 20 | O4: 1000 | P4: 0.5 | Q4: 8 | R4: -3 | S4: 0.3 | W4: Max | X4: 15 | AI4: ="" | AJ4: ="" | AK4: ="" | AL4: ="" | AM4: ="" | AN4: ="" | AO4: ="" | AP4: ="" | ... AS4: =""
I5: Min | J5: 0 | K5: 0 | L5: -0.2 | M5: 0 | N5: =4*$K$2 -> 0.04 | O5: 50 | P5: 0 | Q5: 3 | R5: -8 | S5: 0 | W5: Min | X5: 5 | AI5: ="" | AJ5: ="" | AK5: ="" | AL5: ="" | AM5: ="" | AN5: ="" | AO5: ="" | AP5: ="" | ... AS5: =""
A6: theo file cũ | B6: AVR | C6: 15.8 | D6: 240 | E6: TD | F6: 1 | G6: =B6&C6&D6&E6&F6 -> AVR15.8240TD1 | H6: 'EXAC4' | I6: 1 | J6: 0 | K6: 0.2 | L6: -0.199 | M6: 0 | N6: 5 | O6: 250 | P6: 0.05 | Q6: 5.64 | R6: 0 | S6: 0 | T6: / | U6: / | V6: ="" | W6: ="" | X6: ="" | Y6: ="" | Z6: ="" | AA6: ="" | AB6: ="" | AC6: ="" | ... AS6: =""
H7: TYPE | I7: ID | J7: T’do | K7: T"do | L7: T"qo | M7: H | N7: D | O7: Xd | P7: Xq | Q7: X’d | R7: X"d | S7: X1 | T7: S(1.0) | U7: S(1.2) | X7: MORE: | Y7: 0.5*xd-x′d | Z7: =0.5*O10-Q10 -> 0.24 | AA7: xd-xq | AB7: =O10-P10 -> 0.4 | AC7: xq-x′d | AD7: =P10-Q10 -> 0.44 | AE7: x′d-x'′d | AF7: =Q10-R10 -> 0.12 | AG7: x′'d-x1 | AH7: =R10-S10 -> 0.133 | AI7: ="" | AJ7: ="" | AK7: ="" | AL7: ="" | AM7: ="" | AN7: ="" | AO7: ="" | AP7: ="" | ... AS7: =""
I8: Max | J8: 10 | K8: 0.2 | L8: 0.2 | M8: 10 | N8: 3 | O8: 2.5 | Y8: Max | AA8: Max | AC8: Max | AE8: Max | AG8: Max | AI8: ="" | AJ8: ="" | AK8: ="" | AL8: ="" | AM8: ="" | AN8: ="" | AO8: ="" | AP8: ="" | ... AS8: =""
I9: Min | J9: 1 | K9: =4*$K$2 -> 0.04 | L9: =4*$K$2 -> 0.04 | M9: 1 | N9: 0 | T9: 0 | Y9: Min | Z9: 0 | AA9: Min | AB9: 0 | AC9: Min | AD9: 0 | AE9: Min | AF9: 0 | AG9: Min | AH9: 0 | AI9: ="" | AJ9: ="" | AK9: ="" | AL9: ="" | AM9: ="" | AN9: ="" | AO9: ="" | AP9: ="" | ... AS9: =""
A10: theo A.Quyen | B10: GEN | C10: 15.8 | D10: 240 | E10: TD | F10: 1 | G10: =B10&C10&D10&E10&F10 -> GEN15.8240TD1 | H10: GENSAL' | I10: 1 | J10: 9.044 | K10: 0.055 | L10: 0.07 | M10: 4.409 | N10: 0 | O10: 1.2 | P10: 0.8 | Q10: 0.36 | R10: 0.24 | S10: 0.107 | T10: 0 | U10: 0 | V10: / | W10: / | X10: ="" | Y10: ="" | Z10: ="" | AA10: ="" | AB10: ="" | AC10: ="" | AD10: ="" | AE10: ="" | ... AS10: =""
H11: TYPE | I11: ID | J11: R | K11: r | L11: Tr | M11: Tf | N11: Tg | O11: VELM | P11: GMAX | Q11: GMIN | R11: TW | S11: At | T11: Dturb | U11: qNL | AI11: ="" | AJ11: ="" | AK11: ="" | AL11: ="" | AM11: ="" | AN11: ="" | AO11: ="" | AP11: ="" | ... AS11: =""
I12: Max | J12: 1 | K12: 2 | L12: 30 | M12: 0.1 | N12: 1 | O12: 0.3 | P12: 1 | Q12: 1 | R12: 30 | S12: 1.5 | T12: 0.5 | U12: 0.15 | AI12: ="" | AJ12: ="" | AK12: ="" | AL12: ="" | AM12: ="" | AN12: ="" | AO12: ="" | AP12: ="" | ... AS12: =""
I13: Min | J13: 0 | K13: 0 | L13: =4*$K$2 -> 0.04 | M13: =4*$K$2 -> 0.04 | N13: =4*$K$2 -> 0.04 | O13: 0 | P13: 0 | Q13: 0 | R13: 0.5 | S13: 0.8 | T13: 0 | U13: 0 | AI13: ="" | AJ13: ="" | AK13: ="" | AL13: ="" | AM13: ="" | AN13: ="" | AO13: ="" | AP13: ="" | ... AS13: =""
A14: theo file cũ | B14: GOV | C14: 15.8 | D14: 240 | E14: TD | F14: 1 | G14: =B14&C14&D14&E14&F14 -> GOV15.8240TD1 | H14: 'HYGOV' | I14: 1 | J14: 0.03 | K14: 0.18 | L14: 6.64 | M14: 0.05 | N14: 0.5 | O14: 0.15 | P14: 1 | Q14: 0 | R14: 1.66 | S14: 1.41 | T14: 0.499 | U14: 0.06 | V14: / | W14: / | X14: ="" | Y14: ="" | Z14: ="" | AA14: ="" | AB14: ="" | AC14: ="" | AD14: ="" | AE14: ="" | ... AS14: =""
H15: TYPE | I15: ID | J15: IC1 | K15: REMBUS1 | L15: IC2 | M15: REMBUS2 | N15: M | O15: N | P15: TW1 | Q15: TW2 | R15: T6 | S15: TW3 | T15: TW4 | U15: T7 | V15: Ks2 | W15: Ks3 | X15: T8 | Y15: T9 | Z15: Ks1 | AA15: T1 | AB15: T2 | AC15: T3 | AD15: T4 | AE15: VSTMAX | AF15: VATMIN | AI15: ="" | AJ15: ="" | AK15: ="" | AL15: ="" | AM15: ="" | AN15: ="" | AO15: ="" | AP15: ="" | ... AS15: =""
I16: Max | P16: 15 | Q16: 15 | S16: 15 | T16: 15 | X16: 2 | Y16: 2 | AA16: 2 | AB16: 2 | AC16: 2 | AD16: 2 | AE16: 0.99 | AF16: 0 | AI16: ="" | AJ16: ="" | AK16: ="" | AL16: ="" | AM16: ="" | AN16: ="" | AO16: ="" | AP16: ="" | ... AS16: =""
I17: Min | P17: 1.5 | Q17: 1.5 | R17: =2*$K$2 -> 0.02 | S17: 1.5 | T17: 1.5 | U17: =2*$K$2 -> 0.02 | X17: =2*$K$2 -> 0.02 | Y17: =2*$K$2 -> 0.02 | AA17: =2*$K$2 -> 0.02 | AB17: =2*$K$2 -> 0.02 | AC17: =2*$K$2 -> 0.02 | AD17: =2*$K$2 -> 0.02 | AE17: 0 | AF17: -0.3 | AI17: ="" | AJ17: ="" | AK17: ="" | AL17: ="" | AM17: ="" | AN17: ="" | AO17: ="" | AP17: ="" | ... AS17: =""
A18: theo file cũ | B18: PSS | C18: 15.8 | D18: 240 | E18: TD | F18: 1 | G18: =B18&C18&D18&E18&F18 -> PSS15.8240TD1 | H18: 'PSS2A' | I18: 1 | J18: 1 | K18: 0 | L18: 3 | M18: 0 | N18: 5 | O18: 1 | P18: 2.5 | Q18: 2.5 | R18: 2.5 | S18: 2.5 | T18: 0 | U18: 2.5 | V18: 0.39 | W18: 1 | X18: 0 | Y18: 0.1 | Z18: 6.5 | AA18: 0.44 | AB18: 0.08 | AC18: 0.2 | AD18: 0.98 | AE18: 0.1 | AF18: -0.1 | AG18: / | AH18: / | AI18: ="" | AJ18: ="" | AK18: ="" | AL18: ="" | AM18: ="" | AN18: ="" | AO18: ="" | AP18: ="" | ... AS18: =""
A19: THÁC BÀ | H19: TYPE | I19: ID | J19: TR | K19: VIMAX | L19: VIMIN | M19: TC | N19: TB | O19: KA | P19: TA | Q19: VRMAX | R19: VRMIN | S19: KC | V19: MORE: | W19: KA×TC⁄TB | X19: =O22*M22/N22 -> 20 | AI19: ="" | AJ19: ="" | AK19: ="" | AL19: ="" | AM19: ="" | AN19: ="" | AO19: ="" | AP19: ="" | ... AS19: =""
I20: Max | J20: 0.1 | K20: 0.2 | L20: 0 | M20: 10 | N20: 20 | O20: 1000 | P20: 0.5 | Q20: 8 | R20: -3 | S20: 0.3 | W20: Max | X20: 15 | AI20: ="" | AJ20: ="" | AK20: ="" | AL20: ="" | AM20: ="" | AN20: ="" | AO20: ="" | AP20: ="" | ... AS20: =""
I21: Min | J21: 0 | K21: 0 | L21: -0.2 | M21: 0 | N21: =4*$K$2 -> 0.04 | O21: 50 | P21: 0 | Q21: 3 | R21: -8 | S21: 0 | W21: Min | X21: 5 | AI21: ="" | AJ21: ="" | AK21: ="" | AL21: ="" | AM21: ="" | AN21: ="" | AO21: ="" | AP21: ="" | ... AS21: =""
A22: theo file cũ | B22: AVR | C22: 10.5 | D22: 40 | E22: TD | F22: 1 | G22: =B22&C22&D22&E22&F22 -> AVR10.540TD1 | H22: 'EXAC4' | I22: 1 | J22: 0 | K22: 10 | L22: -10 | M22: 1 | N22: 10 | O22: 200 | P22: 0.015 | Q22: 5.64 | R22: -4.53 | S22: 0 | T22: / | U22: / | V22: ="" | W22: ="" | X22: ="" | Y22: ="" | Z22: ="" | AA22: ="" | AB22: ="" | AC22: ="" | ... AS22: =""
H23: TYPE | I23: ID | J23: T’do | K23: T"do | L23: T"qo | M23: H | N23: D | O23: Xd | P23: Xq | Q23: X’d | R23: X"d | S23: X1 | T23: S(1.0) | U23: S(1.2) | X23: MORE: | Y23: 0.5*xd-x′d | Z23: =0.5*O26-Q26 -> 0.305 | AA23: xd-xq | AB23: =O26-P26 -> 0.396 | AC23: xq-x′d | AD23: =P26-Q26 -> 0.474 | AE23: x′d-x'′d | AF23: =Q26-R26 -> 0.1 | AG23: x′'d-x1 | AH23: =R26-S26 -> 0.056 | AI23: ="" | AJ23: ="" | AK23: ="" | AL23: ="" | AM23: ="" | AN23: ="" | AO23: ="" | AP23: ="" | ... AS23: =""
I24: Max | J24: 10 | K24: 0.2 | L24: 0.2 | M24: 10 | N24: 3 | O24: 2.5 | Y24: Max | AA24: Max | AC24: Max | AE24: Max | AG24: Max | AI24: ="" | AJ24: ="" | AK24: ="" | AL24: ="" | AM24: ="" | AN24: ="" | AO24: ="" | AP24: ="" | ... AS24: =""
I25: Min | J25: 1 | K25: =4*$K$2 -> 0.04 | L25: =4*$K$2 -> 0.04 | M25: 1 | N25: 0 | T25: 0 | Y25: Min | Z25: 0 | AA25: Min | AB25: 0 | AC25: Min | AD25: 0 | AE25: Min | AF25: 0 | AG25: Min | AH25: 0 | AI25: ="" | AJ25: ="" | AK25: ="" | AL25: ="" | AM25: ="" | AN25: ="" | AO25: ="" | AP25: ="" | ... AS25: =""
A26: theo file cũ | B26: GEN | C26: 10.5 | D26: 40 | E26: TD | F26: 1 | G26: =B26&C26&D26&E26&F26 -> GEN10.540TD1 | H26: 'GENSAL' | I26: 1 | J26: 6.6 | K26: 0.05 | L26: 0.155 | M26: 2 | N26: 0 | O26: 1.13 | P26: 0.734 | Q26: 0.26 | R26: 0.16 | S26: 0.104 | T26: 0.194 | U26: 0.685 | V26: / | W26: / | X26: ="" | Y26: ="" | AA26: ="" | AB26: ="" | AC26: ="" | AD26: ="" | AE26: ="" | AF26: ="" | AG26: ="" | AH26: ="" | ... AS26: =""
H27: TYPE | I27: ID | J27: R | K27: r | L27: Tr | M27: Tf | N27: Tg | O27: VELM | P27: GMAX | Q27: GMIN | R27: TW | S27: At | T27: Dturb | U27: qNL | AI27: ="" | AJ27: ="" | AK27: ="" | AL27: ="" | AM27: ="" | AN27: ="" | AO27: ="" | AP27: ="" | ... AS27: =""
I28: Max | J28: 1 | K28: 2 | L28: 30 | M28: 0.1 | N28: 1 | O28: 0.3 | P28: 1 | Q28: 1 | R28: 30 | S28: 1.5 | T28: 0.5 | U28: 0.15 | AI28: ="" | AJ28: ="" | AK28: ="" | AL28: ="" | AM28: ="" | AN28: ="" | AO28: ="" | AP28: ="" | ... AS28: =""
I29: Min | J29: 0 | K29: 0 | L29: =4*$K$2 -> 0.04 | M29: =4*$K$2 -> 0.04 | N29: =4*$K$2 -> 0.04 | O29: 0 | P29: 0 | Q29: 0 | R29: 0.5 | S29: 0.8 | T29: 0 | U29: 0 | AI29: ="" | AJ29: ="" | AK29: ="" | AL29: ="" | AM29: ="" | AN29: ="" | AO29: ="" | AP29: ="" | ... AS29: =""
A30: theo file cũ | B30: GOV | C30: 10.5 | D30: 40 | E30: TD | F30: 1 | G30: =B30&C30&D30&E30&F30 -> GOV10.540TD1 | H30: 'HYGOV' | I30: 1 | J30: 0.06 | K30: 0.4 | L30: 3 | M30: 0.099 | N30: 0.4 | O30: 0.15 | P30: 1 | Q30: 0.1 | R30: 1.35 | S30: 1.4 | T30: 0.1 | U30: 0.1 | V30: / | W30: / | X30: ="" | Y30: ="" | Z30: ="" | AA30: ="" | AB30: ="" | AC30: ="" | AD30: ="" | AE30: ="" | ... AS30: =""
H31: TYPE | I31: ID | J31: IC1 | K31: REMBUS1 | L31: IC2 | M31: REMBUS2 | N31: M | O31: N | P31: TW1 | Q31: TW2 | R31: T6 | S31: TW3 | T31: TW4 | U31: T7 | V31: Ks2 | W31: Ks3 | X31: T8 | Y31: T9 | Z31: Ks1 | AA31: T1 | AB31: T2 | AC31: T3 | AD31: T4 | AE31: VSTMAX | AF31: VATMIN | AI31: ="" | AJ31: ="" | AK31: ="" | AL31: ="" | AM31: ="" | AN31: ="" | AO31: ="" | AP31: ="" | ... AS31: =""
I32: Max | P32: 15 | Q32: 15 | S32: 15 | T32: 15 | X32: 2 | Y32: 2 | AA32: 2 | AB32: 2 | AC32: 2 | AD32: 2 | AE32: 0.99 | AF32: 0 | AI32: ="" | AJ32: ="" | AK32: ="" | AL32: ="" | AM32: ="" | AN32: ="" | AO32: ="" | AP32: ="" | ... AS32: =""
I33: Min | P33: 1.5 | Q33: 1.5 | R33: =2*$K$2 -> 0.02 | S33: 1.5 | T33: 1.5 | U33: =2*$K$2 -> 0.02 | X33: =2*$K$2 -> 0.02 | Y33: =2*$K$2 -> 0.02 | AA33: =2*$K$2 -> 0.02 | AB33: =2*$K$2 -> 0.02 | AC33: =2*$K$2 -> 0.02 | AD33: =2*$K$2 -> 0.02 | AE33: 0 | AF33: -0.3 | AI33: ="" | AJ33: ="" | AK33: ="" | AL33: ="" | AM33: ="" | AN33: ="" | AO33: ="" | AP33: ="" | ... AS33: =""
A34: theo file cũ | B34: PSS | C34: 10.5 | D34: 40 | E34: TD | F34: 1 | G34: =B34&C34&D34&E34&F34 -> PSS10.540TD1 | H34: 'PSS2A' | I34: 1 | J34: 1 | K34: 0 | L34: 3 | M34: 0 | N34: 5 | O34: 1 | P34: 2.5 | Q34: 2.5 | R34: 0 | S34: 2.5 | T34: 0 | U34: 2.5 | V34: 0.39 | W34: 1 | X34: 0 | Y34: 0.1 | Z34: 6.5 | AA34: 0.44 | AB34: 0.08 | AC34: 0.2 | AD34: 0.98 | AE34: 0.1 | AF34: -0.1 | AG34: / | AH34: / | AI34: ="" | AJ34: ="" | AK34: ="" | AL34: ="" | AM34: ="" | AN34: ="" | AO34: ="" | AP34: ="" | ... AS34: =""
A35: PHẢ LẠI | H35: TYPE | I35: ID | J35: TR | K35: KPR | L35: KIR | M35: VRMAX | N35: VRMIN | O35: TA | P35: KPM | Q35: KIM | R35: VMMAX | S35: VMMIN | T35: KG | U35: KP | V35: KI | W35: VBMAX | X35: KC | Y35: XL | Z35: THETAP | AI35: ="" | AJ35: ="" | AK35: ="" | AL35: ="" | AM35: ="" | AN35: ="" | AO35: ="" | AP35: ="" | ... AS35: =""
I36: Max | J36: 0.5 | K36: 75 | L36: 75 | M36: 10 | N36: 0 | O36: 1 | P36: 1.2 | Q36: 18 | R36: 118 | S36: 0 | T36: 1.1 | U36: 10 | V36: 1.1 | W36: 20 | X36: 1 | Y36: 0.5 | Z36: 90 | AI36: ="" | AJ36: ="" | AK36: ="" | AL36: ="" | AM36: ="" | AN36: ="" | AO36: ="" | AP36: ="" | ... AS36: =""
I37: Min | J37: 0 | K37: 0 | L37: 0 | M37: 0.8 | N37: -6 | O37: 0 | P37: 0 | Q37: 0 | R37: 0.8 | S37: -118 | T37: 0 | U37: 1 | V37: 0 | W37: 1 | X37: 0 | Y37: 0 | Z37: -90 | AI37: ="" | AJ37: ="" | AK37: ="" | AL37: ="" | AM37: ="" | AN37: ="" | AO37: ="" | AP37: ="" | ... AS37: =""
A38: theo file cũ | B38: AVR | C38: 10.5 | D38: 110 | E38: ND | F38: 1 | G38: =B38&C38&D38&E38&F38 -> AVR10.5110ND1 | H38: 'ESST4B' | I38: 1 | J38: 0 | K38: 10.75 | L38: 10.75 | M38: 5 | N38: -0.87 | O38: 0 | P38: 1 | Q38: 0 | R38: 99 | S38: -99 | T38: 0 | U38: 9.3 | V38: 0 | W38: 11.63 | X38: 0.113 | Y38: 0.124 | Z38: 0 | AA38: / | AB38: / | AC38: ="" | AD38: ="" | AE38: ="" | AF38: ="" | AG38: ="" | AH38: ="" | AI38: ="" | AJ38: ="" | ... AS38: =""
H39: TYPE | I39: ID | J39: T’do | K39: T"do | L39: T"qo | M39: T"qo | N39: H | O39: D | P39: Xd | Q39: Xq | R39: X’d | S39: X’q | T39: X"d | U39: X1 | V39: S(1.0) | W39: S(1.2) | Z39: MORE: | AA39: 0.5*xd-x′d | AB39: =0.5*Q42-S42 -> 0.645 | AC39: xd-xq | AD39: =Q42-R42 -> 1.92 | AE39: x′d-x'′d | AF39: =S42-T42 -> 0.24 | AG39: x′'d-x1 | AH39: =T42-U42 -> 0.053 | AI39: ="" | AJ39: ="" | AK39: ="" | AL39: ="" | AM39: ="" | AN39: ="" | AO39: ="" | AP39: ="" | ... AS39: =""
I40: Max | J40: 10 | K40: 0.2 | L40: 0.2 | M40: 0.2 | N40: 10 | O40: 3 | P40: 2.5 | AA40: Max | AC40: Max | AE40: Max | AG40: Max | AI40: ="" | AJ40: ="" | AK40: ="" | AL40: ="" | AM40: ="" | AN40: ="" | AO40: ="" | AP40: ="" | ... AS40: =""
I41: Min | J41: 1 | K41: =4*$K$2 -> 0.04 | L41: =4*$K$2 -> 0.04 | M41: =4*$K$2 -> 0.04 | N41: 1 | O41: 0 | V41: 0 | AA41: Min | AB41: 0 | AC41: Min | AD41: 0 | AE41: Min | AF41: 0 | AG41: Min | AH41: 0 | AI41: ="" | AJ41: ="" | AK41: ="" | AL41: ="" | AM41: ="" | AN41: ="" | AO41: ="" | AP41: ="" | ... AS41: =""
A42: theo file cũ | B42: GEN | C42: 10.5 | D42: 110 | E42: ND | F42: 1 | G42: =B42&C42&D42&E42&F42 -> GEN10.5110ND1 | H42: 'GENROU' | I42: 1 | J42: 6.9 | K42: 0.199 | L42: 0.45 | M42: 0.07 | N42: 3.8 | O42: 0 | P42: 2.3 | Q42: 2.21 | R42: 0.29 | S42: 0.46 | T42: 0.22 | U42: 0.167 | V42: 0.08 | W42: 0.56 | X42: / | Y42: / | Z42: ="" | AA42: ="" | AB42: ="" | AC42: ="" | AD42: ="" | AE42: ="" | AF42: ="" | AG42: ="" | ... AS42: =""
H43: TYPE | I43: ID | J43: R | K43: T1 | L43: VMAX | M43: VMIN | N43: T2 | O43: T3 | P43: Dt | AI43: ="" | AJ43: ="" | AK43: ="" | AL43: ="" | AM43: ="" | AN43: ="" | AO43: ="" | AP43: ="" | ... AS43: =""
I44: Max | AI44: ="" | AJ44: ="" | AK44: ="" | AL44: ="" | AM44: ="" | AN44: ="" | AO44: ="" | AP44: ="" | ... AS44: =""
I45: Min | AI45: ="" | AJ45: ="" | AK45: ="" | AL45: ="" | AM45: ="" | AN45: ="" | AO45: ="" | AP45: ="" | ... AS45: =""
A46: theo file cũ | B46: GOV | C46: 10.5 | D46: 110 | E46: ND | F46: 1 | G46: =B46&C46&D46&E46&F46 -> GOV10.5110ND1 | H46: TGOV1' | I46: 1 | J46: 0.03 | K46: 0.499 | L46: 1 | M46: 0 | N46: 4 | O46: 9 | P46: 0.1 | Q46: / | R46: / | S46: ="" | T46: ="" | U46: ="" | V46: ="" | W46: ="" | X46: ="" | Y46: ="" | Z46: ="" | ... AS46: =""
H47: TYPE | I47: ID | J47: IC1 | K47: REMBUS1 | L47: IC2 | M47: REMBUS2 | N47: M | O47: N | P47: TW1 | Q47: TW2 | R47: T6 | S47: TW3 | T47: TW4 | U47: T7 | V47: Ks2 | W47: Ks3 | X47: T8 | Y47: T9 | Z47: Ks1 | AA47: T1 | AB47: T2 | AC47: T3 | AD47: T4 | AE47: VSTMAX | AF47: VATMIN | AI47: ="" | AJ47: ="" | AK47: ="" | AL47: ="" | AM47: ="" | AN47: ="" | AO47: ="" | AP47: ="" | ... AS47: =""
I48: Max | P48: 15 | Q48: 15 | S48: 15 | T48: 15 | X48: 2 | Y48: 2 | AA48: 2 | AB48: 2 | AC48: 2 | AD48: 2 | AE48: 0.99 | AF48: 0 | AI48: ="" | AJ48: ="" | AK48: ="" | AL48: ="" | AM48: ="" | AN48: ="" | AO48: ="" | AP48: ="" | ... AS48: =""
I49: Min | P49: 1.5 | Q49: 1.5 | R49: =2*$K$2 -> 0.02 | S49: 1.5 | T49: 1.5 | U49: =2*$K$2 -> 0.02 | X49: =2*$K$2 -> 0.02 | Y49: =2*$K$2 -> 0.02 | AA49: =2*$K$2 -> 0.02 | AB49: =2*$K$2 -> 0.02 | AC49: =2*$K$2 -> 0.02 | AD49: =2*$K$2 -> 0.02 | AE49: 0 | AF49: -0.3 | AI49: ="" | AJ49: ="" | AK49: ="" | AL49: ="" | AM49: ="" | AN49: ="" | AO49: ="" | AP49: ="" | ... AS49: =""
A50: theo file cũ | B50: PSS | C50: 10.5 | D50: 110 | E50: ND | F50: 1 | G50: =B50&C50&D50&E50&F50 -> PSS10.5110ND1 | H50: 'PSS2A' | I50: 1 | J50: 1 | K50: 0 | L50: 3 | M50: 0 | N50: 5 | O50: 1 | P50: 2.5 | Q50: 2.5 | R50: 0 | S50: 2.5 | T50: 0 | U50: 2.5 | V50: 0.39 | W50: 1 | X50: 0 | Y50: 0.1 | Z50: 6.5 | AA50: 0.44 | AB50: 0.08 | AC50: 0.2 | AD50: 0.98 | AE50: 0.1 | AF50: -0.1 | AG50: / | AH50: / | AI50: ="" | AJ50: ="" | AK50: ="" | AL50: ="" | AM50: ="" | AN50: ="" | AO50: ="" | AP50: ="" | ... AS50: =""
A51: PHÚ MỸ 2 | H51: TYPE | I51: ID | J51: TR | K51: KPR | L51: KIR | M51: VRMAX | N51: VRMIN | O51: TA | P51: KPM | Q51: KIM | R51: VMMAX | S51: VMMIN | T51: KG | U51: KP | V51: KI | W51: VBMAX | X51: KC | Y51: XL | Z51: THETAP | AI51: ="" | AJ51: ="" | AK51: ="" | AL51: ="" | AM51: ="" | AN51: ="" | AO51: ="" | AP51: ="" | ... AS51: =""
I52: Max | J52: 0.5 | K52: 75 | L52: 75 | M52: 10 | N52: 0 | O52: 1 | P52: 1.2 | Q52: 18 | R52: 118 | S52: 0 | T52: 1.1 | U52: 10 | V52: 1.1 | W52: 20 | X52: 1 | Y52: 0.5 | Z52: 90 | AI52: ="" | AJ52: ="" | AK52: ="" | AL52: ="" | AM52: ="" | AN52: ="" | AO52: ="" | AP52: ="" | ... AS52: =""
I53: Min | J53: 0 | K53: 0 | L53: 0 | M53: 0.8 | N53: -6 | O53: 0 | P53: 0 | Q53: 0 | R53: 0.8 | S53: -118 | T53: 0 | U53: 1 | V53: 0 | W53: 1 | X53: 0 | Y53: 0 | Z53: -90 | AI53: ="" | AJ53: ="" | AK53: ="" | AL53: ="" | AM53: ="" | AN53: ="" | AO53: ="" | AP53: ="" | ... AS53: =""
A54: theo file cũ | B54: AVR | C54: 10.5 | D54: 140 | E54: ND | F54: 1 | G54: =B54&C54&D54&E54&F54 -> AVR10.5140ND1 | H54: ESST4B' | I54: 1 | J54: 0 | K54: 10.75 | L54: 10.75 | M54: 5 | N54: -0.87 | O54: 0 | P54: 1 | Q54: 0 | R54: 99 | S54: -99 | T54: 0 | U54: 9.3 | V54: 0 | W54: 11.63 | X54: 0.113 | Y54: 0.124 | Z54: 0 | AA54: / | AB54: / | AC54: ="" | AD54: ="" | AE54: ="" | AF54: ="" | AG54: ="" | AH54: ="" | AI54: ="" | AJ54: ="" | ... AS54: =""
H55: TYPE | I55: ID | J55: T’do | K55: T"do | L55: T"qo | M55: T"qo | N55: H | O55: D | P55: Xd | Q55: Xq | R55: X’d | S55: X’q | T55: X"d | U55: X1 | V55: S(1.0) | W55: S(1.2) | AI55: ="" | AJ55: ="" | AK55: ="" | AL55: ="" | AM55: ="" | AN55: ="" | AO55: ="" | AP55: ="" | ... AS55: =""
I56: Max | J56: 10 | K56: 0.2 | L56: 0.2 | M56: 0.2 | N56: 10 | O56: 3 | P56: 2.5 | AI56: ="" | AJ56: ="" | AK56: ="" | AL56: ="" | AM56: ="" | AN56: ="" | AO56: ="" | AP56: ="" | ... AS56: =""
I57: Min | J57: 1 | K57: =4*$K$2 -> 0.04 | L57: =4*$K$2 -> 0.04 | M57: =4*$K$2 -> 0.04 | N57: 1 | O57: 0 | V57: 0 | AI57: ="" | AJ57: ="" | AK57: ="" | AL57: ="" | AM57: ="" | AN57: ="" | AO57: ="" | AP57: ="" | ... AS57: =""
A58: theo file cũ | B58: GEN | C58: 10.5 | D58: 140 | E58: ND | F58: 1 | G58: =B58&C58&D58&E58&F58 -> GEN10.5140ND1 | H58: 'GENROU' | I58: 1 | J58: 9.99 | K58: 0.04 | L58: 0.93 | M58: 0.04 | N58: 4.382 | O58: 0 | P58: 2.499 | Q58: 2.36 | R58: 0.25 | S58: 0.4 | T58: 0.219 | U58: 0.17 | V58: 0.09 | W58: 0.4 | X58: / | Y58: / | Z58: ="" | AA58: ="" | AB58: ="" | AC58: ="" | AD58: ="" | AE58: ="" | AF58: ="" | AG58: ="" | ... AS58: =""
H59: TYPE | I59: ID | J59: R | K59: T1 | L59: T2 | M59: T3 | N59: AT | O59: KT | P59: VMAX | Q59: VMIN | R59: Dturb | AI59: ="" | AJ59: ="" | AK59: ="" | AL59: ="" | AM59: ="" | AN59: ="" | AO59: ="" | AP59: ="" | ... AS59: =""
I60: Max | Z60: 1000 | AA60: =Z60/0.9*X61 -> 484.3221 | AI60: ="" | AJ60: ="" | AK60: ="" | AL60: ="" | AM60: ="" | AN60: ="" | AO60: ="" | AP60: ="" | ... AS60: =""
I61: Min | X61: =SQRT(1-0.9^2) -> 0.43588989 | Y61: =X61^2+0.9^2 -> 1 | AI61: ="" | AJ61: ="" | AK61: ="" | AL61: ="" | AM61: ="" | AN61: ="" | AO61: ="" | AP61: ="" | ... AS61: =""
A62: theo file cũ | B62: GOV | C62: 10.5 | D62: 140 | E62: ND | F62: 1 | G62: =B62&C62&D62&E62&F62 -> GOV10.5140ND1 | H62: 'GAST' | I62: 1 | J62: 0.05 | K62: 0.4 | L62: 0.1 | M62: 3 | N62: 1 | O62: 2 | P62: 0.85 | Q62: 0 | R62: 0 | S62: / | T62: / | U62: ="" | V62: ="" | W62: ="" | X62: ="" | Y62: ="" | Z62: ="" | AA62: ="" | AB62: ="" | ... AS62: =""
H63: TYPE | I63: ID | J63: IC1 | K63: REMBUS1 | L63: IC2 | M63: REMBUS2 | N63: M | O63: N | P63: TW1 | Q63: TW2 | R63: T6 | S63: TW3 | T63: TW4 | U63: T7 | V63: Ks2 | W63: Ks3 | X63: T8 | Y63: T9 | Z63: Ks1 | AA63: T1 | AB63: T2 | AC63: T3 | AD63: T4 | AE63: VSTMAX | AF63: VATMIN | AI63: ="" | AJ63: ="" | AK63: ="" | AL63: ="" | AM63: ="" | AN63: ="" | AO63: ="" | AP63: ="" | ... AS63: =""
I64: Max | P64: 15 | Q64: 15 | S64: 15 | T64: 15 | X64: 2 | Y64: 2 | AA64: 2 | AB64: 2 | AC64: 2 | AD64: 2 | AE64: 0.99 | AF64: 0 | AI64: ="" | AJ64: ="" | AK64: ="" | AL64: ="" | AM64: ="" | AN64: ="" | AO64: ="" | AP64: ="" | ... AS64: =""
I65: Min | P65: 1.5 | Q65: 1.5 | R65: =2*$K$2 -> 0.02 | S65: 1.5 | T65: 1.5 | U65: =2*$K$2 -> 0.02 | X65: =2*$K$2 -> 0.02 | Y65: =2*$K$2 -> 0.02 | AA65: =2*$K$2 -> 0.02 | AB65: =2*$K$2 -> 0.02 | AC65: =2*$K$2 -> 0.02 | AD65: =2*$K$2 -> 0.02 | AE65: 0 | AF65: -0.3 | AI65: ="" | AJ65: ="" | AK65: ="" | AL65: ="" | AM65: ="" | AN65: ="" | AO65: ="" | AP65: ="" | ... AS65: =""
A66: theo file cũ | B66: PSS | C66: 10.5 | D66: 140 | E66: ND | F66: 1 | G66: =B66&C66&D66&E66&F66 -> PSS10.5140ND1 | H66: 'PSS2A' | I66: 1 | J66: 1 | K66: 0 | L66: 3 | M66: 0 | N66: 5 | O66: 1 | P66: 2.5 | Q66: 2.5 | R66: 0 | S66: 2.5 | T66: 0 | U66: 2.5 | V66: 0.39 | W66: 1 | X66: 0 | Y66: 0.1 | Z66: 6.5 | AA66: 0.44 | AB66: 0.08 | AC66: 0.2 | AD66: 0.98 | AE66: 0.1 | AF66: -0.1 | AG66: / | AH66: / | AI66: ="" | AJ66: ="" | AK66: ="" | AL66: ="" | AM66: ="" | AN66: ="" | AO66: ="" | AP66: ="" | ... AS66: =""
A67: LÀO CAI 2 | H67: TYPE | I67: ID | J67: TR | K67: KPR | L67: KIR | M67: VRMAX | N67: VRMIN | O67: TA | P67: KPM | Q67: KIM | R67: VMMAX | S67: VMMIN | T67: KG | U67: KP | V67: KI | W67: VBMAX | X67: KC | Y67: XL | Z67: THETAP | AI67: ="" | AJ67: ="" | AK67: ="" | AL67: ="" | AM67: ="" | AN67: ="" | AO67: ="" | AP67: ="" | ... AS67: =""
I68: Max | J68: 0.5 | K68: 75 | L68: 75 | M68: 10 | N68: 0 | O68: 1 | P68: 1.2 | Q68: 18 | R68: 118 | S68: 0 | T68: 1.1 | U68: 10 | V68: 1.1 | W68: 20 | X68: 1 | Y68: 0.5 | Z68: 90 | AI68: ="" | AJ68: ="" | AK68: ="" | AL68: ="" | AM68: ="" | AN68: ="" | AO68: ="" | AP68: ="" | ... AS68: =""
I69: Min | J69: 0 | K69: 0 | L69: 0 | M69: 0.8 | N69: -6 | O69: 0 | P69: 0 | Q69: 0 | R69: 0.8 | S69: -118 | T69: 0 | U69: 1 | V69: 0 | W69: 1 | X69: 0 | Y69: 0 | Z69: -90 | AI69: ="" | AJ69: ="" | AK69: ="" | AL69: ="" | AM69: ="" | AN69: ="" | AO69: ="" | AP69: ="" | ... AS69: =""
